Country,1990,1991,1992,1993,1994,1995,1996,1997,1998,1999,2000,2001,2002,2003,2004,2005,2006,2007,2008,2009,2010,2011,2012,2013,2014,2015,2016,2017,2018
World,22849.92,23056.4,22988.29,23124.0,23260.29,23890.22,24214.92,25292.92,24895.32,24957.3,25637.87,25726.42,26486.63,27308.37,28826.48,29663.75,30905.93,31608.28,31856.76,31769.89,33328.38,33226.01,33620.34,34217.18,34558.59,34521.91,35160.6,35588.7,36441.55
China,1823.96,1952.78,2068.77,2294.12,2414.5,2735.48,2715.5,2779.27,2882.75,2799.84,2994.73,3194.5,3476.08,4081.05,4789.59,5486.88,6099.67,6655.98,6862.78,7382.89,8138.34,8568.09,8823.05,9226.51,9184.77,9120.27,9164.21,9367.67,9663.36
United States,4426.4,4389.5,4461.62,4581.76,4654.52,4708.31,4864.46,5129.29,5172.06,5191.66,5357.88,5347.79,5192.68,5258.12,5338.46,5354.45,5254.87,5338.52,5161.51,4757.65,4990.96,4753.12,4531.16,4670.34,4683.35,4563.52,4656.84,4581.9,4749.57
India,341.32,386.17,409.09,431.31,466.79,519.98,555.6,600.38,618.73,683.0,719.07,958.86,992.51,1020.87,1092.16,1142.71,1219.23,1341.07,1428.85,1573.51,1670.29,1695.97,1843.74,1901.98,2072.03,2085.38,2149.01,2267.16,2400.25
Indonesia,832.39,846.23,855.3,869.88,881.31,909.21,772.38,1484.56,907.96,849.42,795.62,631.16,1001.39,761.93,1031.49,829.93,1152.83,738.57,731.76,1036.71,773.92,1285.69,1303.87,1250.27,1539.23,1574.76,1068.1,1081.11,1269.55
Japan,1016.89,1029.99,1041.79,1033.99,1087.22,1097.1,1110.51,1098.26,1055.5,1090.14,1107.18,1073.16,1109.5,1118.29,1113.6,1116.25,1092.63,1128.57,1061.73,1003.19,1057.96,1162.67,1202.66,1211.27,1170.11,1131.74,1139.33,1119.86,1074.08
Russia,1790.34,1766.89,1630.98,1447.33,1238.41,1190.39,1159.83,1052.5,1043.96,1081.87,1115.29,721.85,723.05,753.44,765.36,762.04,821.2,822.52,844.09,726.06,814.11,974.12,979.37,936.52,919.33,870.02,971.87,998.24,1049.05
Brazil,1236.73,1243.65,1247.13,1253.64,1261.19,1279.97,1301.37,1319.99,1329.24,1339.1,1351.16,1420.6,1418.33,1410.4,1427.88,1431.63,1435.1,1452.63,1473.28,1451.95,1498.84,679.1,713.75,744.85,768.77,741.96,826.21,834.14,812.02
Germany,904.38,881.44,841.83,836.08,824.87,822.15,851.78,819.93,812.12,782.33,778.97,829.38,815.01,818.31,802.5,783.85,795.83,765.28,771.22,716.32,754.58,717.17,730.81,748.42,708.25,713.08,717.68,702.73,680.06
Iran,158.83,197.26,212.99,210.86,240.77,251.99,259.83,271.0,272.42,306.0,320.34,306.74,324.45,346.42,375.44,406.93,446.5,479.47,489.82,507.16,506.63,561.73,571.12,592.48,610.67,602.23,605.81,620.83,629.35
Canada,483.99,477.81,490.88,487.56,503.69,514.62,528.32,543.72,552.1,560.63,580.65,808.34,826.9,846.79,838.71,851.37,842.42,872.59,851.45,822.04,836.28,682.88,682.31,691.53,697.02,693.99,585.58,597.4,609.67
Democratic Republic of the Congo,370.89,369.45,369.19,369.14,369.0,368.95,368.97,368.92,369.04,369.03,368.63,368.5,368.58,368.77,368.87,369.19,369.3,369.45,369.57,369.61,369.76,603.89,603.8,605.02,606.16,604.26,603.43,603.66,603.57
South Korea,206.81,231.61,253.77,284.2,310.79,341.87,366.44,388.04,323.23,358.5,413.25,410.4,401.82,404.49,424.78,419.96,426.82,441.38,453.07,465.27,514.14,546.83,548.5,547.18,535.54,556.05,568.98,579.56,585.07
Saudi Arabia,166.39,186.61,199.35,206.21,218.79,222.4,234.09,214.93,230.41,234.53,244.34,248.6,266.91,278.11,294.21,308.97,328.35,347.53,382.24,399.63,439.23,456.67,488.75,499.38,536.81,561.14,556.74,540.7,514.6
Mexico,290.01,308.41,312.07,323.14,348.29,328.84,348.39,371.54,395.43,382.78,406.79,316.03,322.01,340.27,347.46,365.66,382.98,395.67,410.68,395.03,402.21,494.81,494.56,483.71,472.17,486.44,493.7,486.25,486.58
South Africa,253.94,248.61,245.11,252.71,258.29,270.47,280.26,295.2,302.8,284.79,291.05,326.95,337.79,359.5,386.36,384.03,385.95,403.29,432.95,410.42,431.5,415.41,432.99,443.16,454.27,431.17,431.74,441.69,439.8
Australia,313.95,315.07,318.72,322.72,329.03,339.4,349.99,357.18,378.07,383.46,389.23,374.35,382.28,381.38,394.65,398.89,404.44,414.75,417.88,424.33,416.72,356.33,356.33,349.83,340.43,346.53,386.15,389.39,388.81
Turkey,122.28,126.88,132.88,138.69,136.99,151.32,168.5,176.65,176.91,175.93,199.67,154.82,165.15,176.2,181.64,192.05,218.13,246.01,244.24,244.87,254.16,258.05,269.21,258.5,280.97,291.92,345.94,387.25,384.32
United Kingdom,545.73,559.38,542.02,529.56,524.43,513.33,533.7,511.37,514.07,511.41,519.16,533.53,519.27,531.12,531.36,529.64,530.68,518.2,503.46,454.16,470.83,433.47,456.12,442.1,403.89,389.41,367.93,355.42,347.84
Malaysia,170.4,177.54,183.09,185.4,191.2,197.88,206.21,214.34,233.95,222.59,233.1,224.83,240.01,247.43,268.09,279.59,277.26,298.83,309.7,303.97,316.2,92.13,91.92,109.59,135.37,124.54,310.17,298.1,319.59
Italy,370.74,369.55,367.75,362.41,357.76,381.89,377.63,381.0,391.85,398.49,401.78,401.86,408.76,427.49,437.69,439.12,431.94,424.66,410.27,362.34,370.56,362.02,342.08,311.79,292.83,303.19,320.52,316.37,312.03
Poland,337.06,338.47,330.22,330.86,326.6,326.79,342.0,331.29,305.04,295.56,282.27,222.2,215.84,226.19,230.24,229.77,242.51,241.79,236.73,225.64,242.12,283.51,276.27,271.24,258.63,261.94,266.86,279.92,279.83
Thailand,100.74,109.85,119.61,134.23,148.39,166.83,185.34,188.5,167.52,174.18,174.79,138.28,149.6,157.31,176.75,182.59,184.56,190.63,194.8,187.79,202.37,234.88,252.33,262.72,259.38,263.34,273.79,273.7,270.9
France,331.69,355.84,343.81,324.68,319.62,327.43,343.1,334.26,356.3,350.09,348.31,310.56,304.82,310.45,311.47,314.34,305.12,296.43,291.73,277.4,281.45,272.44,275.23,275.53,243.42,249.42,250.72,254.37,247.98
Egypt,86.41,88.98,91.89,91.43,86.03,91.46,96.36,103.55,108.86,114.26,112.45,124.84,127.57,131.07,142.52,160.42,168.96,182.06,188.94,195.32,196.33,202.53,213.32,211.34,217.56,226.86,234.14,238.87,246.45
Vietnam,-53.88,-53.98,-52.98,-48.04,-45.54,-41.95,-38.3,-32.4,-27.51,-27.25,-22.17,73.93,86.61,88.48,102.81,110.49,113.77,123.43,135.62,149.73,167.68,126.39,124.61,132.72,146.44,186.54,211.7,209.66,245.36
Spain,172.32,179.52,189.79,175.41,185.76,197.88,187.41,205.91,213.54,235.67,250.68,275.62,293.62,299.53,316.44,331.38,322.65,335.55,305.03,268.35,254.12,266.54,261.41,234.94,233.1,248.42,233.15,249.55,244.45
Kazakhstan,236.74,246.71,254.83,217.53,195.24,171.65,149.08,125.99,129.49,117.43,113.85,110.36,119.94,134.78,148.7,160.96,178.69,187.59,230.49,202.7,222.05,232.33,231.63,246.48,195.37,196.78,220.04,222.57,217.46
Pakistan,69.1,68.35,74.97,81.79,84.29,90.78,93.87,97.36,98.21,106.8,106.42,106.88,109.37,112.73,125.72,128.74,139.55,153.32,149.23,152.2,147.68,147.09,149.2,150.55,159.12,169.04,187.57,204.7,215.37
Argentina,144.16,149.64,151.67,155.35,158.12,158.13,170.88,171.64,177.49,178.51,176.25,219.67,212.28,223.19,236.68,241.14,250.19,258.46,262.98,252.27,262.97,242.84,244.1,249.58,245.48,251.66,213.99,209.83,207.11
United Arab Emirates,55.4,61.5,59.64,62.15,68.29,72.64,75.81,81.45,83.85,86.0,84.54,96.26,98.12,103.53,109.98,116.28,121.46,131.69,156.2,157.18,162.82,166.32,175.73,184.1,183.84,194.04,199.46,208.25,200.3
Iraq,64.71,46.63,67.26,88.63,99.59,95.97,98.08,115.65,81.32,64.47,74.44,84.25,79.36,72.03,75.24,88.17,83.84,77.42,85.99,107.46,120.18,131.12,151.94,162.63,168.92,162.27,172.84,174.79,188.64
Venezuela,248.17,247.44,249.79,255.18,255.37,261.98,275.67,280.97,277.56,272.6,279.51,224.46,232.75,225.21,229.89,244.71,237.03,239.91,250.61,251.06,258.53,278.48,292.24,296.03,296.87,282.4,204.88,191.71,181.29
Nigeria,113.84,121.56,132.4,130.4,126.52,127.53,133.18,129.54,122.63,120.65,122.06,131.14,132.1,134.68,134.63,144.43,138.2,136.12,137.52,120.23,136.73,148.08,146.67,156.71,162.19,154.14,154.41,158.91,176.66
Ukraine,640.09,603.4,526.12,450.79,367.14,350.76,297.56,279.68,260.74,257.09,248.7,276.38,279.72,305.94,282.73,270.97,279.54,287.66,276.79,227.7,244.87,269.24,263.01,254.33,223.34,176.6,189.1,162.66,173.18
Colombia,141.35,143.07,145.7,148.27,148.92,151.59,151.38,156.12,156.64,148.44,150.83,138.97,136.86,136.47,136.72,138.41,138.22,139.7,140.52,143.48,145.22,126.41,126.78,134.29,136.32,137.53,166.72,159.03,162.46
Netherlands,149.83,155.95,154.74,159.74,158.9,165.81,175.38,167.94,168.37,163.09,163.75,168.59,168.66,171.59,173.27,169.08,164.82,165.74,166.5,161.66,172.28,160.24,158.89,158.49,151.26,159.47,159.64,157.27,152.52
Algeria,68.47,67.51,66.73,74.05,72.12,73.63,71.99,73.41,75.11,78.12,79.17,72.36,78.01,81.43,82.49,86.58,91.35,98.12,101.59,110.37,110.74,117.51,126.01,129.29,138.18,145.35,143.55,145.3,151.87
Philippines,43.25,42.77,46.14,49.87,53.9,64.21,69.9,77.73,77.33,74.84,75.59,74.05,75.33,77.15,78.71,80.49,73.19,76.94,79.11,79.91,85.95,86.9,90.49,100.23,106.84,116.1,127.38,139.05,144.7
Peru,80.38,79.5,80.43,81.29,82.11,85.15,87.49,87.7,86.4,88.59,88.18,91.18,92.36,91.76,96.19,96.24,95.96,98.99,103.44,106.56,110.45,137.45,137.24,138.39,141.68,142.68,146.32,143.78,144.07
Myanmar,146.17,146.1,146.26,146.79,147.62,148.94,148.08,147.66,149.01,150.15,150.72,131.84,131.21,134.72,136.38,134.24,135.2,135.08,130.98,132.1,134.15,114.79,118.38,121.56,124.63,128.25,125.78,133.48,136.92
Uzbekistan,116.97,117.79,112.28,112.94,106.38,95.33,96.3,97.66,112.93,114.15,120.9,111.13,113.78,106.71,109.82,103.2,110.33,106.74,112.59,102.75,110.95,121.91,108.17,110.01,102.29,98.41,103.98,108.02,108.72
Bangladesh,34.13,33.44,34.43,35.18,36.15,39.2,39.47,41.6,41.77,42.46,43.87,48.44,50.03,51.21,52.99,55.17,58.36,60.48,64.06,67.24,73.09,76.45,80.01,82.55,85.7,93.58,95.49,100.46,104.5
Zimbabwe,26.94,28.7,28.87,27.48,26.36,25.89,25.26,24.23,24.48,26.22,24.1,24.84,23.43,21.12,20.71,21.45,20.77,20.7,18.54,18.69,20.75,22.81,23.43,23.68,23.47,23.72,98.15,97.4,99.43
Czech Republic,140.76,127.46,124.7,121.54,115.27,115.74,117.3,115.35,109.48,102.5,113.72,115.78,111.58,115.82,116.49,113.05,113.65,116.68,111.36,104.22,106.98,107.35,103.54,99.08,96.12,97.35,97.04,97.6,96.66
Belgium,105.4,110.05,108.42,106.19,110.99,110.65,115.53,112.72,115.49,111.59,113.27,115.34,107.84,112.49,111.01,107.6,105.63,101.57,103.92,96.65,103.46,93.21,92.6,94.25,87.8,92.84,94.48,92.93,93.63
Qatar,12.54,14.61,14.68,15.49,16.25,17.02,17.91,19.45,20.81,22.95,21.73,23.49,27.6,28.91,31.91,41.28,44.98,51.05,55.23,57.17,62.27,65.77,73.29,74.6,80.4,83.31,85.28,87.68,90.17
Bolivia,81.99,82.08,83.13,84.14,85.35,84.64,84.44,84.59,84.92,84.28,84.31,64.78,65.12,66.0,66.32,66.97,68.05,68.93,69.91,70.77,71.94,76.22,77.02,78.34,79.95,80.19,88.99,89.64,90.09
Kuwait,29.23,35.73,22.99,29.24,33.73,33.78,32.93,34.04,39.87,43.71,47.15,50.8,53.37,55.61,59.47,67.23,69.65,68.71,72.89,75.01,78.22,81.15,83.58,85.25,83.57,88.03,89.87,89.71,89.45
Tanzania,54.02,53.99,53.99,54.05,54.04,54.86,55.19,55.02,54.83,54.67,55.08,55.24,55.66,55.84,57.14,57.72,58.1,57.92,58.07,57.89,58.88,60.13,61.83,62.76,62.68,63.65,75.03,75.47,75.68
Oman,11.89,16.1,14.9,14.08,13.81,15.6,15.82,17.24,17.28,20.43,22.54,25.28,26.94,27.67,27.52,27.87,37.52,41.03,40.08,42.73,46.47,52.38,58.65,60.99,64.47,68.3,69.56,69.92,73.39
Turkmenistan,44.65,37.79,28.1,26.63,32.87,33.43,29.69,29.94,30.59,35.77,36.85,37.92,39.75,44.25,46.65,48.19,49.57,56.03,56.68,50.21,57.19,63.41,66.3,67.78,69.49,72.08,72.02,71.96,71.73
Greece,74.69,74.89,77.25,77.17,78.81,81.91,81.83,82.84,86.2,86.47,93.53,95.53,95.52,99.14,98.76,100.86,99.62,103.23,99.32,93.65,86.49,85.95,81.49,73.89,70.95,69.41,68.25,68.19,66.68
Ecuador,52.17,52.73,53.78,52.71,53.6,56.35,59.06,60.11,59.95,57.29,57.94,51.91,52.08,52.45,53.98,55.72,57.68,58.14,58.84,61.0,63.22,52.55,53.68,56.47,58.25,57.76,65.16,63.91,65.68
Morocco,16.83,18.56,20.37,21.08,23.24,24.3,23.99,25.43,26.15,27.7,28.39,32.4,33.75,33.69,37.64,39.96,41.66,43.21,45.66,46.02,49.14,56.35,58.71,58.28,59.72,61.71,61.14,63.99,64.74
Angola,16.6,16.8,16.64,17.17,16.96,21.05,21.68,22.0,21.65,22.94,22.67,48.53,49.24,53.63,54.9,53.82,55.95,59.1,60.69,62.75,64.14,65.07,65.85,68.42,70.23,70.76,71.01,66.44,62.93
Israel,33.78,34.5,36.83,40.48,43.34,46.75,48.71,50.94,51.48,52.96,56.97,57.94,61.07,62.88,63.15,60.98,64.32,66.58,66.7,65.71,70.51,69.77,76.01,66.95,64.67,66.09,65.34,66.12,62.05
Mozambique,49.47,49.29,49.45,49.65,49.45,49.53,49.52,49.64,49.6,49.59,49.78,50.34,50.5,50.83,50.84,50.64,50.79,51.16,51.17,51.44,51.64,48.78,48.66,49.04,50.05,51.22,58.61,58.85,59.47
Libya,36.09,33.32,30.3,30.84,35.91,37.49,39.4,38.94,39.9,38.06,39.87,41.43,43.6,44.28,45.49,49.13,49.37,46.29,51.47,53.81,57.23,38.05,52.3,54.99,59.7,53.84,51.18,56.81,58.94
Austria,44.8,48.95,44.19,44.33,44.81,47.71,51.43,50.75,51.2,49.58,50.06,61.75,63.2,68.3,69.63,70.07,67.93,65.08,64.56,58.26,63.79,61.2,58.04,58.68,54.92,56.08,56.27,58.71,56.06
Paraguay,44.1,44.05,44.51,44.85,45.37,45.81,45.75,46.14,46.3,46.3,45.56,59.92,60.08,60.24,60.28,60.0,60.13,60.25,60.48,60.68,61.35,73.39,73.35,73.47,73.8,74.5,53.1,54.0,54.4
Romania,173.34,143.08,126.69,118.34,115.79,121.43,124.65,114.12,100.09,86.2,89.58,91.42,90.9,96.93,94.04,93.11,96.25,93.74,92.52,77.83,74.81,-201.17,-203.39,-213.11,-213.71,-212.22,48.26,51.22,52.0
Finland,23.44,24.01,21.15,22.34,28.8,24.98,31.47,29.53,26.22,25.64,24.44,45.79,48.21,56.53,52.66,40.47,52.06,50.15,41.74,39.31,47.7,0.44,-5.25,-4.46,-8.47,-11.81,52.33,49.7,51.3
Portugal,42.53,44.23,48.24,47.26,48.77,52.16,50.2,52.39,57.06,63.66,63.11,61.97,66.19,61.11,62.72,66.07,61.04,59.39,57.43,56.89,51.53,49.06,47.42,45.75,45.12,49.04,49.06,53.63,50.07
Botswana,44.02,43.95,44.52,44.47,44.3,44.41,44.13,44.28,44.91,45.13,45.33,45.17,45.34,45.24,45.33,45.63,45.44,45.67,45.75,45.43,44.71,45.33,46.46,46.89,48.46,48.54,48.45,49.2,49.54
Papua New Guinea,31.35,31.35,31.36,31.39,31.23,33.49,33.56,33.89,34.75,36.0,37.59,37.87,38.4,38.72,39.71,39.43,39.01,39.11,38.23,38.26,38.24,45.47,45.2,45.44,45.98,46.54,48.47,48.52,48.46
Hungary,69.04,66.18,59.63,60.01,59.41,59.07,60.1,58.62,58.98,59.53,56.26,58.7,58.0,60.56,58.66,58.23,57.73,56.13,55.29,50.11,50.15,48.25,44.77,42.1,41.96,44.72,46.39,48.45,48.28
Ethiopia,28.6,28.63,27.81,28.24,28.56,28.9,29.2,29.38,29.59,29.6,29.97,35.42,35.65,36.09,36.42,36.18,36.53,37.2,38.04,38.16,37.72,39.29,40.2,41.97,43.91,44.46,46.75,47.23,48.0
Singapore,29.67,31.24,32.13,37.32,39.19,38.83,39.81,39.45,37.94,38.42,42.53,42.22,41.32,38.16,39.56,36.85,37.12,38.23,38.37,38.78,42.36,44.72,43.64,43.87,44.41,45.45,46.19,47.46,47.39
Solomon Islands,4.07,4.07,4.08,4.09,4.1,4.11,4.12,4.13,4.13,4.14,4.15,1.94,1.95,1.96,2.0,2.03,2.03,2.03,2.01,2.02,2.03,-17.47,-17.47,-17.44,-17.48,-17.52,45.77,45.76,45.78
Serbia,58.99,49.29,45.99,40.3,36.73,42.42,49.78,54.36,54.38,37.87,41.07,10.58,14.12,17.51,21.96,15.92,18.17,16.99,15.76,11.48,11.07,47.97,42.61,43.3,35.88,42.32,46.16,46.81,45.45
Cameroon,55.76,55.5,55.38,59.52,60.14,59.97,59.2,59.45,59.63,59.42,59.65,47.65,47.55,47.42,47.88,47.95,48.29,49.47,49.57,50.18,50.41,41.65,40.77,41.08,41.46,41.72,42.33,42.1,42.38
Sudan,26.5,25.94,25.67,24.33,25.8,25.82,25.61,26.55,26.1,26.66,27.03,27.92,29.35,29.54,30.31,31.86,34.23,35.22,36.31,36.79,37.68,36.5,36.73,36.01,36.85,39.32,41.49,41.34,41.2
Zambia,20.02,20.16,20.13,19.8,19.43,19.42,19.04,19.56,19.46,19.1,19.21,19.25,19.38,19.54,19.57,19.75,19.62,19.42,19.64,19.9,20.09,35.92,36.89,37.09,37.64,37.91,38.41,39.82,40.47
Cambodia,5.43,5.47,5.52,5.55,5.64,5.68,5.78,5.87,6.11,6.08,6.13,5.73,5.78,5.95,5.95,6.21,6.52,7.18,7.52,8.3,8.5,70.11,70.35,70.5,71.55,73.51,38.9,40.38,40.16
Belarus,66.9,63.29,54.78,43.24,31.66,24.64,25.62,26.24,24.49,22.42,20.46,27.14,27.13,27.87,30.99,31.68,33.97,32.48,35.27,32.15,36.42,41.94,43.38,43.53,43.05,38.47,33.85,34.8,37.8
CÃ´te d'Ivoire,63.0,63.09,63.07,63.25,63.39,63.77,64.42,65.37,65.46,67.32,66.99,32.84,32.96,31.74,32.01,32.4,32.21,32.14,32.95,32.52,32.83,32.6,34.5,35.08,35.59,36.19,35.96,37.02,36.55
Switzerland,41.87,44.21,44.25,41.99,41.13,41.98,42.54,41.28,42.78,43.06,42.24,42.83,41.23,42.49,42.93,43.49,43.12,41.18,42.6,41.31,42.85,38.98,40.26,41.27,37.51,36.82,37.37,36.38,35.23
Ireland,28.53,29.05,29.13,29.26,30.45,31.05,32.51,33.68,36.2,37.81,40.15,42.79,41.92,42.09,42.73,44.65,45.68,44.89,44.22,38.89,38.5,34.11,34.85,33.47,33.3,34.75,35.91,34.74,34.32
Denmark,52.43,63.07,57.35,59.63,63.53,60.26,73.65,64.06,60.08,57.29,53.04,53.84,53.96,59.33,53.87,50.25,58.19,53.38,50.1,47.87,48.16,41.14,36.25,38.03,33.81,31.65,36.23,34.19,34.23
Slovakia,45.38,38.5,36.66,34.89,32.27,32.94,32.74,32.84,31.97,31.22,28.64,30.18,29.68,29.94,29.04,30.12,29.48,28.82,28.64,25.44,27.05,26.53,24.76,25.34,22.84,23.15,30.43,32.51,31.93
Bahrain,10.74,10.34,12.27,13.07,13.37,13.54,14.17,14.41,15.51,15.45,15.88,16.39,17.22,17.95,17.93,20.7,22.49,23.01,24.77,24.73,25.98,26.03,26.57,28.76,30.22,30.59,30.2,30.38,30.75
Azerbaijan,55.94,65.45,43.05,51.94,46.0,44.19,38.8,37.89,37.81,37.2,38.43,36.91,36.32,32.52,32.28,34.84,32.36,25.7,27.77,23.33,22.33,25.71,27.91,28.54,29.78,29.32,30.74,30.05,30.1
Chile,13.05,12.19,14.12,14.94,18.01,20.89,26.69,33.19,34.04,36.41,32.46,11.78,12.6,13.83,18.64,19.63,20.96,28.66,32.16,29.28,33.63,-4.88,-2.86,1.59,-4.97,0.62,28.29,29.17,28.75
Burkina Faso,12.85,12.86,12.87,12.88,12.88,12.9,12.98,13.08,13.14,13.19,13.31,17.47,17.48,17.55,17.58,17.6,17.85,18.13,18.36,18.38,18.54,8.07,8.58,8.84,8.89,9.27,27.6,28.17,28.37
Syria,28.89,31.44,30.73,30.09,31.21,33.02,36.13,36.48,39.38,38.61,38.86,40.62,41.32,41.61,44.01,54.92,58.15,61.44,63.39,58.48,59.02,55.25,45.32,29.85,26.4,25.37,26.46,29.1,27.92
Lebanon,5.63,7.05,7.03,10.34,11.29,13.32,14.14,16.14,16.27,17.05,15.69,16.9,16.84,17.42,17.89,17.29,16.24,15.06,18.67,21.92,20.89,21.1,23.41,23.17,24.86,26.97,27.73,29.2,27.63
Laos,11.02,11.05,11.1,11.11,11.14,11.17,11.25,11.29,11.32,11.35,11.41,13.17,13.28,13.33,13.39,13.43,13.82,13.91,14.22,14.71,15.05,11.71,11.94,12.58,13.09,17.32,24.03,27.18,27.46
Tunisia,12.83,13.5,14.26,15.6,15.73,16.12,16.68,17.26,18.0,18.92,20.01,20.34,20.43,20.56,21.52,21.84,22.76,23.21,23.48,23.79,26.13,29.6,30.56,30.65,32.71,33.55,25.2,26.11,26.19
Nicaragua,21.47,21.46,21.77,21.74,22.06,22.19,22.35,22.56,23.05,23.08,23.3,27.56,27.7,28.17,28.14,27.94,28.15,28.3,28.1,28.03,28.15,15.76,15.67,15.48,15.74,16.25,24.89,24.91,24.72
Jordan,9.93,9.78,11.92,12.2,12.99,13.6,13.87,14.37,14.61,14.63,16.27,16.25,16.87,17.31,18.58,19.87,20.17,21.09,20.01,20.66,20.2,20.76,24.12,23.8,25.59,25.36,24.86,26.1,24.7
Mongolia,17.14,18.93,17.03,16.02,14.5,14.45,12.87,12.71,12.75,12.81,13.21,13.06,13.69,13.39,13.66,15.17,16.53,17.13,17.07,17.75,18.42,18.9,20.31,21.55,21.3,20.48,21.28,22.56,24.42
Chad,8.01,8.02,8.03,8.04,8.05,8.06,8.07,8.09,8.1,8.12,8.13,17.2,17.21,17.44,17.45,17.47,17.49,17.55,17.63,17.64,17.7,26.72,26.79,26.82,26.83,26.87,24.35,24.36,24.4
Dominican Republic,0.59,0.96,2.35,2.25,3.87,4.58,5.46,7.24,9.34,10.52,11.39,17.03,18.93,16.78,15.32,16.73,18.38,18.65,18.6,17.69,18.7,19.7,20.47,20.07,20.14,22.27,22.9,21.83,23.56
Sri Lanka,8.47,8.62,9.88,9.72,10.4,10.45,12.98,12.97,13.24,14.12,15.55,13.35,13.89,14.92,15.37,16.48,14.9,16.07,15.28,14.76,15.53,16.07,17.47,15.11,18.22,20.97,23.85,25.22,23.54
Uganda,16.62,16.64,16.65,16.65,16.56,16.83,16.94,17.0,17.16,17.19,17.19,17.19,17.39,17.47,17.62,18.07,18.45,18.78,19.02,19.24,19.68,19.99,19.74,20.1,20.57,20.69,21.5,21.66,21.95
Cuba,24.59,16.6,11.27,9.26,10.79,12.25,14.2,16.58,16.12,17.0,17.38,16.94,15.71,14.97,14.72,15.6,16.05,16.95,16.06,16.85,20.01,15.83,16.14,14.64,14.17,14.78,25.4,22.6,21.92
New Zealand,-3.58,-3.27,-1.49,-1.98,-1.61,-1.5,-0.39,1.93,1.45,2.82,3.6,8.9,8.76,10.62,10.04,11.43,11.48,10.57,11.54,8.49,8.3,13.64,15.3,15.03,15.07,15.47,20.57,22.31,21.59
Guatemala,20.05,20.16,20.95,21.23,21.56,22.48,22.31,22.67,24.41,24.33,25.54,23.53,24.19,24.26,24.47,25.24,25.23,26.12,24.96,25.57,25.16,19.45,19.86,20.72,21.66,24.05,20.73,19.78,21.48
North Korea,129.72,123.71,111.05,103.07,95.11,89.78,80.36,73.88,67.3,72.93,78.18,76.08,72.9,74.43,76.02,79.28,80.64,67.33,74.53,57.06,53.32,40.24,41.7,31.02,34.62,28.5,33.38,25.67,21.41
Bosnia and Herzegovina,27.22,24.7,19.22,16.66,6.42,6.63,7.44,11.75,14.02,13.77,17.21,14.11,14.9,15.21,15.92,16.57,18.26,19.23,21.11,20.93,21.19,20.02,18.25,18.13,15.77,15.9,20.6,20.91,20.81
Sweden,55.21,56.1,58.61,58.36,60.35,60.1,65.52,59.26,60.26,59.21,55.31,40.95,42.49,43.7,42.17,38.88,37.61,35.88,34.94,31.76,37.15,22.31,19.9,18.3,16.89,17.0,22.14,21.76,19.68
Benin,15.37,15.33,15.35,15.41,15.4,15.45,16.05,16.23,16.29,16.41,16.52,12.55,12.83,13.09,13.24,13.49,14.54,15.1,15.06,15.41,15.8,15.69,15.45,15.73,16.22,16.7,17.94,18.07,18.62
Norway,14.15,12.21,15.4,16.98,18.63,18.05,18.99,20.75,22.47,24.3,19.02,11.91,11.6,14.25,14.6,13.52,14.51,15.16,14.23,14.63,19.05,21.2,20.16,19.27,19.34,19.7,18.99,17.95,18.43
Somalia,18.08,18.06,18.03,17.99,17.98,17.95,17.93,17.9,17.87,17.85,17.84,17.86,17.92,17.93,17.93,17.93,17.93,17.98,17.97,17.97,17.98,17.99,17.98,18.01,18.0,18.0,18.01,18.01,18.04
Estonia,33.23,29.58,21.97,16.52,16.08,14.48,15.46,15.09,14.59,13.7,13.38,13.87,13.46,15.44,15.55,15.77,14.54,18.52,16.96,13.63,17.58,11.9,10.63,13.04,11.67,9.21,17.58,18.21,17.96
Trinidad and Tobago,14.19,13.08,12.01,12.56,13.1,13.24,13.38,13.85,14.18,14.29,14.44,15.57,16.15,15.45,16.11,19.8,22.36,22.21,21.28,20.33,22.76,23.3,22.23,22.84,22.03,21.37,18.35,18.32,17.88
Guyana,8.15,8.12,8.05,8.06,8.38,8.89,9.22,9.47,9.51,9.68,9.63,10.32,10.3,10.3,10.78,10.57,10.42,10.69,10.68,10.7,10.84,18.58,18.74,18.7,18.77,18.76,16.39,16.39,16.51
Guinea,11.78,11.8,11.83,11.86,11.9,11.93,12.0,12.05,12.13,12.2,12.24,12.67,12.72,12.79,12.86,12.92,12.99,13.06,13.09,13.2,13.58,13.75,13.62,13.31,13.38,13.68,15.04,15.19,15.35
Honduras,7.99,8.0,8.28,8.45,8.8,9.42,9.46,9.6,10.24,10.31,10.57,11.21,11.49,12.13,12.97,12.38,13.39,13.96,14.01,13.5,13.56,14.68,15.04,15.24,15.36,15.76,14.92,14.53,15.3
Nepal,-0.83,-0.59,-0.54,-0.36,0.18,0.29,0.35,0.59,0.73,1.81,1.93,-0.67,-1.35,-1.12,-1.33,-0.96,-1.53,-1.46,-1.16,-0.28,0.48,8.21,9.01,9.1,10.15,9.48,12.3,13.98,14.97
Namibia,,11.68,11.78,11.98,12.2,12.33,12.48,12.53,12.58,12.54,12.5,13.02,12.69,12.83,12.94,13.09,13.1,13.18,13.52,13.59,13.69,13.88,14.1,14.38,14.56,14.83,14.92,14.89,14.81
Liberia,13.85,13.77,13.8,13.82,13.82,13.82,13.84,13.86,13.9,13.81,13.85,13.89,13.88,13.92,14.0,14.11,14.13,14.08,13.98,13.98,14.17,14.29,14.4,14.36,14.66,14.7,14.85,14.7,14.76
Panama,8.68,9.12,9.63,9.79,10.03,10.35,10.4,10.63,11.71,11.0,11.27,10.62,9.81,9.93,10.01,11.52,11.89,11.88,11.7,13.09,13.58,14.39,14.86,15.0,15.68,15.1,15.17,14.65,14.53
Slovenia,4.13,3.34,3.42,4.16,4.2,5.07,5.89,6.32,6.1,5.54,5.18,3.85,4.0,3.89,4.18,4.4,4.78,4.77,5.86,4.01,4.28,13.1,12.54,11.97,10.55,10.54,14.27,14.49,14.39
Central African Republic,14.12,14.11,14.11,14.12,14.12,14.13,14.13,14.13,14.19,14.2,14.2,14.22,14.21,14.2,14.2,14.2,14.22,14.23,14.23,14.23,14.24,14.26,14.27,14.27,14.28,14.28,14.29,14.29,14.31
Senegal,7.21,7.22,7.46,7.39,7.49,7.65,7.81,8.1,8.48,8.85,8.95,10.82,10.95,10.85,11.76,12.03,11.94,12.57,12.77,13.02,13.39,12.04,11.93,12.48,13.04,13.76,14.25,13.9,14.19
Republic of Congo,10.27,12.51,12.45,12.43,12.21,12.33,12.14,12.64,12.54,12.28,12.04,11.98,11.79,11.9,11.81,13.79,13.94,14.09,14.42,14.45,14.02,13.99,14.11,13.41,13.55,12.91,13.76,13.66,13.69
Madagascar,29.65,29.71,29.72,29.75,29.97,30.18,30.12,30.24,30.46,30.58,30.57,23.69,23.14,23.57,23.67,23.73,23.67,23.76,23.82,23.72,23.91,12.3,12.85,13.03,13.15,13.43,13.33,13.61,13.49
Croatia,19.48,13.78,14.1,14.64,13.98,14.55,14.49,16.2,17.62,17.65,17.19,18.37,19.45,20.78,20.27,20.63,20.79,22.06,20.91,19.48,18.63,17.54,15.96,15.54,14.84,15.18,12.59,13.14,12.24
Suriname,4.98,5.26,5.27,5.28,5.28,5.36,5.44,5.47,5.49,5.58,4.94,5.32,4.92,5.04,5.37,5.66,5.5,5.38,5.42,5.42,5.71,10.2,10.69,10.54,10.89,11.0,11.67,11.49,11.44
Gabon,7.74,7.96,8.22,8.31,8.05,8.21,8.32,8.44,8.54,8.47,8.32,7.73,7.49,7.56,7.62,7.82,7.23,7.24,7.32,7.39,7.95,12.09,12.27,12.15,11.95,11.93,12.16,11.15,11.08
Lithuania,32.89,34.96,20.67,16.42,15.5,14.42,14.89,14.57,15.35,12.86,11.12,11.25,11.31,11.32,11.98,12.88,13.07,13.26,13.11,11.72,12.64,5.78,5.86,5.27,4.78,4.98,10.59,10.6,10.95
Kenya,1.78,1.54,1.6,1.51,1.51,2.02,2.62,2.29,2.81,3.13,3.88,22.73,22.54,21.64,22.55,23.44,24.41,24.48,25.03,26.82,27.75,21.33,20.42,22.39,23.32,25.38,11.15,11.27,10.78
Equatorial Guinea,3.89,3.9,3.9,4.82,4.83,4.83,5.34,5.46,5.45,5.65,6.18,6.56,7.86,8.99,11.08,11.92,13.0,11.38,12.81,13.49,13.35,13.54,13.84,13.18,11.92,10.97,9.43,9.46,10.51
South Sudan,6.94,6.94,6.94,6.94,6.94,7.01,7.01,7.02,7.03,7.06,7.06,7.17,7.16,7.16,7.16,7.16,7.16,7.16,7.16,7.16,7.17,6.95,7.99,8.02,8.07,8.51,10.67,10.44,10.28
Malawi,8.86,8.93,8.93,9.02,9.04,9.05,9.05,9.1,9.08,9.13,9.06,9.06,9.05,9.06,9.09,9.1,9.11,9.16,9.29,9.3,9.22,9.32,9.3,9.39,9.24,9.34,9.5,9.65,9.71
Georgia,15.22,7.24,1.81,-2.17,-7.82,-10.09,-11.9,-12.75,-13.28,-13.75,-13.5,0.0,-0.56,-0.36,-0.14,0.73,1.18,2.11,1.32,2.11,1.81,6.52,7.19,7.84,8.47,9.2,9.65,9.63,9.46
Yemen,6.64,8.5,9.13,8.12,8.48,9.87,10.08,10.85,11.73,13.17,13.89,15.08,15.14,17.4,18.4,19.38,19.41,20.63,22.01,25.65,23.99,20.69,19.68,26.35,26.71,14.21,10.88,10.06,9.31
Luxembourg,10.68,11.14,10.83,11.03,10.2,8.04,8.12,7.63,6.95,7.31,8.03,8.63,9.33,9.75,11.17,11.42,11.22,10.62,10.53,9.95,10.54,10.69,10.45,9.91,9.41,8.89,8.58,8.72,9.04
Moldova,30.23,24.3,20.02,17.11,13.83,11.84,10.1,9.28,8.35,7.05,6.4,6.02,6.18,6.76,6.77,7.17,6.97,7.13,7.14,6.63,7.29,7.9,7.69,6.73,7.27,7.57,8.25,8.26,8.7
Jamaica,7.83,7.76,8.51,8.68,8.74,9.05,9.41,9.57,10.12,10.41,10.5,7.65,7.82,8.16,8.14,8.13,9.63,9.59,7.19,5.45,5.05,7.83,7.35,7.82,7.64,7.53,7.93,7.37,8.69
El Salvador,3.46,4.15,4.44,5.0,5.54,6.04,5.47,6.4,6.75,6.69,6.71,6.95,7.02,7.59,7.76,7.92,8.32,8.71,7.99,7.76,7.62,7.86,7.85,7.54,7.67,8.08,8.25,7.46,7.89
Kyrgyzstan,21.74,19.4,12.78,9.09,5.52,3.58,4.75,4.67,5.01,3.77,3.65,3.96,4.96,5.58,5.55,5.29,5.31,6.46,7.5,6.75,6.34,6.88,9.32,8.64,8.97,9.53,6.43,6.08,7.73
Afghanistan,0.58,0.35,-0.96,-1.03,-1.08,-1.14,-1.21,-1.29,-1.34,-1.57,-1.62,0.93,1.22,1.47,1.25,1.76,2.06,2.49,4.51,6.12,8.79,12.02,10.2,8.27,7.56,7.74,7.55,7.53,7.59
Brunei,5.43,4.9,5.1,5.38,5.66,6.03,6.07,6.58,8.74,5.5,5.75,5.66,5.66,6.65,6.2,6.11,8.48,8.1,8.48,8.7,8.11,7.36,7.48,7.36,7.37,6.35,6.79,7.03,7.47
Macedonia,8.59,8.38,8.59,8.89,8.59,8.57,10.11,9.04,9.88,9.14,8.82,8.99,8.43,9.21,8.92,9.36,9.37,9.81,9.58,8.96,8.73,9.64,9.13,8.24,7.78,7.48,7.39,7.86,7.37
Bulgaria,51.81,36.85,33.38,33.91,31.76,32.94,33.3,31.61,28.83,22.53,21.56,22.63,20.08,24.35,23.63,24.32,25.41,29.07,26.47,19.41,21.29,37.56,33.01,27.7,30.12,32.57,7.94,10.24,7.32
Tajikistan,11.05,10.21,7.71,5.19,3.06,2.54,2.27,2.55,2.8,2.58,2.23,1.8,1.78,1.82,2.23,2.1,2.32,2.9,2.68,2.04,2.07,2.14,2.59,2.76,4.07,4.36,5.83,6.25,7.2
Cyprus,4.49,5.0,5.36,5.62,5.86,5.73,6.09,6.18,6.48,6.74,7.0,6.67,6.85,7.51,7.45,7.61,7.67,7.97,8.13,7.91,7.55,7.23,6.7,6.07,6.43,6.46,6.9,7.05,6.98
Belize,6.89,6.99,7.06,7.02,7.01,7.02,6.92,7.01,7.01,6.95,6.97,3.76,3.76,3.74,3.68,3.7,3.75,3.78,3.74,4.72,3.81,6.11,6.16,5.97,5.96,6.13,5.87,5.88,5.92
Mali,0.42,0.43,0.45,0.46,0.47,0.47,0.49,0.53,0.77,0.8,1.41,1.61,1.4,1.4,1.48,1.65,1.89,2.07,2.09,2.51,2.78,3.12,3.11,3.05,3.12,3.41,4.42,5.05,5.62
Armenia,19.98,20.82,11.02,5.17,2.87,3.64,2.71,3.47,3.6,3.24,3.69,3.73,3.24,3.62,3.89,4.58,4.61,5.33,5.81,4.63,4.46,4.86,5.64,5.42,5.4,5.26,5.1,5.36,5.59
Albania,6.24,4.3,2.43,2.26,2.33,2.14,2.16,1.67,1.99,3.16,3.36,2.11,2.63,2.99,3.18,2.95,2.94,3.1,3.05,3.2,3.46,4.2,3.74,3.95,4.37,4.23,4.7,5.37,5.32
Latvia,5.84,4.27,1.01,-1.2,-2.74,-3.89,-3.87,-4.34,-4.72,-5.24,-5.77,-6.54,-6.54,-6.29,-6.24,-6.14,-5.65,-5.3,-5.71,-6.45,-5.28,5.24,4.92,4.8,4.6,4.64,4.37,4.33,4.85
Uruguay,-9.39,-8.87,-8.47,-8.75,-8.97,-8.54,-7.78,-7.68,-7.45,-6.45,-7.78,-5.02,-5.44,-5.48,-4.51,-4.56,-3.64,-4.12,-2.22,-2.3,-3.69,0.71,1.62,0.46,-0.4,-0.31,4.76,4.31,4.75
Sierra Leone,3.69,3.7,3.8,3.81,3.83,3.6,3.64,3.57,3.61,3.5,3.74,3.77,3.88,3.93,3.91,3.83,3.97,3.88,3.9,3.89,3.94,4.11,4.24,4.41,4.52,4.28,4.31,4.31,4.36
Mauritius,1.14,1.23,1.3,1.45,1.49,1.53,1.59,1.6,1.77,2.18,2.41,2.65,2.7,2.83,2.85,3.05,3.39,3.48,3.55,3.51,3.75,3.64,3.73,3.82,3.96,3.97,4.01,4.15,4.11
Burundi,5.58,5.62,5.59,5.6,5.6,5.72,5.74,5.76,5.79,5.84,5.87,3.74,3.74,3.7,3.68,3.69,3.73,3.73,3.73,3.73,3.86,-1.04,-1.01,-1.0,-1.02,-1.0,3.96,4.06,4.07
Haiti,1.09,1.07,0.97,0.77,0.26,0.97,1.13,1.34,1.38,1.45,1.54,1.67,1.89,1.88,1.74,1.78,1.79,2.11,2.1,2.06,2.53,3.45,3.15,3.38,3.71,3.97,4.04,4.0,3.96
Niger,6.27,6.24,6.2,6.27,6.25,6.23,6.31,6.32,6.37,6.35,6.34,1.9,1.93,1.99,2.02,1.99,1.98,2.05,2.1,2.32,2.6,2.64,3.12,3.02,3.21,3.2,3.22,3.31,3.53
Togo,3.64,3.59,3.41,3.3,3.57,3.64,4.02,3.43,3.86,4.37,3.93,2.12,2.29,2.78,2.72,2.69,2.51,2.44,2.51,3.77,3.57,3.45,3.17,2.69,2.53,2.76,3.11,2.88,3.07
Mauritania,1.24,1.26,1.29,1.31,1.34,1.4,1.46,1.45,1.39,1.51,1.51,1.57,1.66,1.7,1.81,1.84,1.85,2.11,2.19,2.39,2.47,2.59,2.79,2.59,2.91,3.34,1.73,2.72,2.92
Rwanda,3.43,3.38,3.38,3.38,3.36,3.37,3.37,3.39,3.39,3.41,3.43,3.2,3.19,3.18,3.18,3.18,3.18,3.21,3.2,3.23,3.24,2.42,2.5,2.56,2.59,2.7,2.73,2.72,2.73
Lesotho,1.39,1.45,1.5,1.54,1.58,1.61,1.64,1.67,1.71,1.72,1.75,1.77,1.8,1.82,1.87,1.9,1.92,1.96,2.01,2.1,2.16,2.21,2.28,2.29,2.31,2.23,2.27,2.44,2.57
Montenegro,-0.34,-0.34,-0.34,-0.34,-0.34,-0.34,-0.34,-0.34,-0.34,-0.34,-0.34,-4.13,-4.13,-4.13,-4.13,-2.12,-1.95,-2.03,-1.44,-2.38,-1.55,2.56,2.36,2.3,2.25,2.39,2.14,2.25,2.55
Bahamas,1.78,1.88,2.53,2.1,2.04,2.08,1.97,1.77,2.27,2.23,2.14,2.13,2.28,2.25,2.16,2.02,2.02,2.07,2.11,6.02,2.08,2.42,3.64,3.11,2.62,2.37,2.19,2.15,2.26
Iceland,1.96,1.93,1.96,2.0,2.11,2.02,2.28,2.17,2.17,2.13,2.24,2.14,2.22,2.2,2.29,2.26,2.31,2.36,2.16,2.08,1.93,1.81,1.78,1.95,1.97,1.98,1.98,2.09,2.11
Maldives,0.16,0.16,0.23,0.2,0.2,0.26,0.28,0.34,0.31,0.43,0.46,0.48,0.61,0.53,0.74,0.71,0.87,0.87,0.87,0.91,0.96,1.01,1.14,1.13,1.36,1.35,1.75,1.82,1.91
Guinea-Bissau,1.66,1.66,1.66,1.67,1.67,1.67,1.66,1.68,1.66,1.68,1.63,1.64,1.64,1.68,1.69,1.7,1.7,1.72,1.71,1.72,1.73,1.73,1.74,1.75,1.76,1.77,1.78,1.78,1.8
Malta,2.31,2.21,2.17,2.81,2.51,2.38,2.32,2.47,2.37,2.41,2.13,2.49,2.32,2.61,2.6,2.62,2.65,2.71,2.72,2.5,2.58,2.57,2.71,2.37,2.35,1.65,1.34,1.51,1.54
Barbados,0.98,0.98,1.18,0.99,1.03,1.07,1.07,1.17,1.27,1.3,1.24,1.31,1.37,1.38,1.36,1.41,1.47,1.48,1.78,4.62,1.59,1.66,2.21,1.48,1.29,1.29,1.31,1.19,1.25
Eritrea,0.43,0.43,0.87,1.07,1.17,1.23,1.31,1.26,1.05,1.08,1.07,1.15,1.14,1.15,1.14,1.06,0.98,0.97,0.9,0.93,0.96,0.96,1.01,1.03,1.06,1.03,1.11,1.17,1.24
Gambia,0.72,0.73,0.73,0.73,0.73,0.74,0.75,0.76,0.77,0.79,0.77,0.84,0.83,0.83,0.85,0.86,0.89,0.93,0.96,1.01,0.97,0.98,0.99,0.97,1.04,1.06,1.06,1.07,1.1
Timor-Leste,0.46,0.46,0.46,0.46,0.46,0.46,0.46,0.46,0.46,0.46,0.46,0.46,0.63,0.63,0.66,0.67,0.67,0.67,0.67,0.7,0.71,0.71,0.76,0.92,0.99,1.07,1.15,1.07,1.1
Eswatini,0.82,0.81,0.7,0.6,0.91,0.87,0.65,0.98,1.01,1.09,1.0,0.95,0.94,0.87,0.86,0.88,0.88,0.91,0.89,0.94,0.88,0.89,0.93,1.42,0.83,0.9,1.1,0.91,0.96
Costa Rica,5.33,5.53,6.61,6.65,7.32,7.28,6.99,6.96,7.48,7.5,7.41,4.97,5.07,5.34,5.48,5.81,6.09,7.14,7.06,6.74,6.65,0.16,0.18,0.51,0.54,0.25,0.79,0.88,0.95
Seychelles,0.15,0.18,0.18,0.19,0.21,0.2,0.24,0.35,0.44,0.52,0.58,0.64,0.54,0.55,0.75,0.7,0.74,0.65,0.7,0.51,0.44,0.4,0.45,0.41,0.46,0.5,0.54,0.59,0.62
Cape Verde,-0.41,-0.41,-0.4,-0.4,-0.4,-0.39,-0.37,-0.37,-0.35,-0.32,-0.29,0.18,0.22,0.24,0.27,0.38,0.44,0.4,0.41,0.45,0.48,0.5,0.47,0.44,0.44,0.44,0.48,0.53,0.56
Antigua and Barbuda,0.21,0.22,0.29,0.25,0.25,0.27,0.28,0.3,0.33,0.33,0.33,0.35,0.39,0.41,0.4,0.41,0.44,0.46,0.48,1.39,0.49,0.51,0.72,0.47,0.48,0.49,0.5,0.5,0.53
Djibouti,0.33,0.34,0.34,0.34,0.33,0.33,0.34,0.35,0.35,0.35,0.37,0.38,0.4,0.41,0.4,0.43,0.43,0.47,0.47,0.46,0.52,0.48,0.51,0.56,0.46,0.54,0.49,0.47,0.49
Andorra,0.41,0.41,0.41,0.41,0.41,0.43,0.45,0.47,0.49,0.51,0.52,0.52,0.53,0.53,0.56,0.58,0.55,0.54,0.54,0.52,0.52,0.49,0.49,0.48,0.46,0.47,0.47,0.47,0.46
Samoa,0.22,0.22,0.22,0.23,0.23,0.23,0.24,0.24,0.24,0.25,0.25,0.26,0.26,0.27,0.28,0.29,0.3,0.3,0.29,0.3,0.3,0.3,0.31,0.31,0.32,0.35,0.4,0.41,0.43
Sao Tome and Principe,0.06,0.06,0.05,0.05,0.06,0.06,0.06,0.06,0.06,0.06,0.06,0.06,0.07,0.08,0.08,0.09,0.09,0.09,0.1,0.1,0.11,0.32,0.33,0.34,0.33,0.34,0.34,0.35,0.35
Comoros,0.12,0.12,0.13,0.13,0.13,0.14,0.14,0.14,0.15,0.15,0.16,0.17,0.17,0.19,0.21,0.2,0.21,0.18,0.18,0.19,0.22,0.21,0.21,0.24,0.22,0.24,0.26,0.31,0.32
Grenada,0.11,0.12,0.16,0.15,0.16,0.17,0.19,0.2,0.23,0.22,0.21,0.23,0.24,0.25,0.23,0.25,0.26,0.28,0.29,0.81,0.29,0.29,0.42,0.32,0.25,0.27,0.28,0.29,0.3
Palau,0.0,0.0,0.2,0.2,0.2,0.2,0.2,0.2,0.2,0.2,0.21,0.22,0.22,0.22,0.23,0.26,0.25,0.24,0.21,0.2,0.21,0.22,0.21,0.22,0.22,0.22,0.26,0.27,0.29
Saint Vincent and the Grenadines,0.03,0.04,0.07,0.08,0.09,0.1,0.1,0.11,0.15,0.14,0.12,0.21,0.23,0.23,0.25,0.25,0.25,0.3,0.22,0.99,0.25,0.23,0.4,0.22,0.29,0.22,0.27,0.27,0.28
Saint Kitts and Nevis,0.11,0.11,0.15,0.14,0.15,0.15,0.15,0.16,0.18,0.18,0.19,0.21,0.23,0.23,0.24,0.22,0.23,0.25,0.25,0.7,0.24,0.26,0.35,0.23,0.23,0.24,0.25,0.24,0.26
Saint Lucia,0.03,0.04,0.13,0.13,0.14,0.17,0.18,0.18,0.23,0.23,0.22,0.29,0.26,0.3,0.3,0.26,0.29,0.19,0.2,0.93,0.28,0.24,0.38,0.17,0.21,0.23,0.2,0.22,0.24
Marshall Islands,0.0,0.0,0.08,0.09,0.09,0.09,0.09,0.09,0.1,0.1,0.1,0.11,0.12,0.11,0.13,0.14,0.14,0.14,0.13,0.14,0.14,0.14,0.14,0.14,0.15,0.15,0.18,0.18,0.19
Tonga,0.08,0.09,0.08,0.09,0.09,0.1,0.08,0.09,0.1,0.11,0.1,0.1,0.1,0.12,0.13,0.13,0.15,0.13,0.13,0.14,0.12,0.11,0.11,0.12,0.11,0.11,0.15,0.18,0.19
Vanuatu,0.07,0.07,0.06,0.06,0.06,0.07,0.09,0.09,0.08,0.09,0.09,0.09,0.08,0.09,0.07,0.07,0.07,0.11,0.1,0.13,0.13,0.13,0.12,0.11,0.16,0.14,0.18,0.17,0.18
Dominica,0.12,0.12,0.14,0.13,0.13,0.15,0.13,0.16,0.16,0.17,0.19,0.14,0.11,0.13,0.14,0.15,0.16,0.17,0.17,0.49,0.17,0.16,0.25,0.17,0.17,0.17,0.17,0.15,0.16
Micronesia,0.0,-0.03,0.08,0.08,0.08,0.09,0.09,0.1,0.1,0.1,0.1,0.12,0.11,0.13,0.13,0.13,0.11,0.11,0.09,0.1,0.08,0.09,0.1,0.11,0.11,0.12,0.14,0.14,0.15
Liechtenstein,0.22,0.23,0.23,0.24,0.22,0.23,0.23,0.24,0.25,0.25,0.24,0.24,0.25,0.26,0.26,0.26,0.26,0.23,0.25,0.23,0.22,0.18,0.19,0.19,0.16,0.16,0.15,0.16,0.14
Cook Islands,0.02,0.02,0.02,0.02,0.02,0.02,0.02,0.02,0.02,0.03,0.03,0.04,0.04,0.04,0.05,0.06,0.06,0.06,0.06,0.05,0.06,0.06,0.07,0.07,0.07,0.06,0.07,0.08,0.08
Kiribati,0.02,0.02,0.02,0.03,0.03,0.03,0.03,0.03,0.03,0.03,0.04,0.03,0.04,0.05,0.05,0.07,0.07,0.06,0.06,0.06,0.05,0.05,0.06,0.06,0.06,0.06,0.08,0.08,0.08
Bhutan,-6.48,-6.44,-6.41,-6.44,-6.42,-6.38,-6.33,-6.24,-6.25,-6.25,-6.24,-6.25,-6.21,-6.25,-6.3,-6.2,-6.21,-6.22,-6.21,-6.24,-6.14,-0.65,-0.56,-0.46,-0.38,-0.35,-0.09,0.01,0.07
Nauru,0.13,0.13,0.12,0.11,0.11,0.11,0.1,0.1,0.1,0.09,0.09,0.08,0.08,0.07,0.07,0.07,0.05,0.04,0.04,0.04,0.04,0.04,0.04,0.05,0.05,0.05,0.06,0.07,0.07
Tuvalu,0.0,0.0,0.01,0.01,0.01,0.01,0.01,0.01,0.01,0.01,0.01,0.01,0.01,0.01,0.01,0.01,0.01,0.01,0.01,0.01,0.01,0.01,0.01,0.01,0.01,0.01,0.01,0.01,0.01
Niue,0.01,0.01,0.01,0.01,0.01,0.01,0.01,0.01,0.01,0.01,0.01,0.01,0.01,0.01,0.01,0.01,0.01,0.01,0.01,0.01,0.01,0.0,0.0,0.0,0.0,0.0,0.0,0.0,0.0
Fiji,-1.81,-1.81,-1.78,-1.79,-1.79,-1.78,-1.72,-1.74,-1.76,-1.74,-1.69,-1.47,-1.62,-1.46,-1.08,-1.27,-1.18,-1.28,-1.59,-1.58,-1.39,-1.44,-1.52,-1.42,-1.24,-1.03,-0.81,-0.73,-0.65
Ghana,12.67,12.44,12.96,13.07,13.34,13.6,13.98,14.18,15.98,16.46,15.62,52.07,53.28,52.99,52.48,52.88,54.29,54.91,54.42,55.8,57.0,41.62,43.63,44.42,43.77,44.53,-10.82,-10.15,-8.82
