Country,Data source,Sector,Gas,Unit,2018,2017,2016,2015,2014,2013,2012,2011,2010,2009,2008,2007,2006,2005,2004,2003,2002,2001,2000,1999,1998,1997,1996,1995,1994,1993,1992,1991,1990
World,CAIT,Total including LUCF,CO2,MtCO₂e,36441.55,35588.7,35160.6,34521.91,34558.59,34217.18,33620.34,33226.01,33328.38,31769.89,31856.76,31608.28,30905.93,29663.75,28826.48,27308.37,26486.63,25726.42,25637.87,24957.3,24895.32,25292.92,24214.92,23890.22,23260.29,23124.0,22988.29,23056.4,22849.92
China,CAIT,Total including LUCF,CO2,MtCO₂e,9663.36,9367.67,9164.21,9120.27,9184.77,9226.51,8823.05,8568.09,8138.34,7382.89,6862.78,6655.98,6099.67,5486.88,4789.59,4081.05,3476.08,3194.5,2994.73,2799.84,2882.75,2779.27,2715.5,2735.48,2414.5,2294.12,2068.77,1952.78,1823.96
United States,CAIT,Total including LUCF,CO2,MtCO₂e,4749.57,4581.9,4656.84,4563.52,4683.35,4670.34,4531.16,4753.12,4990.96,4757.65,5161.51,5338.52,5254.87,5354.45,5338.46,5258.12,5192.68,5347.79,5357.88,5191.66,5172.06,5129.29,4864.46,4708.31,4654.52,4581.76,4461.62,4389.5,4426.4
European Union (27),CAIT,Total including LUCF,CO2,MtCO₂e,2636.99,2692.12,2669.54,2321.61,2263.78,2408.39,2482.45,2541.91,2900.69,2814.76,3064.51,3142.06,3182.24,3174.41,3193.98,3188.85,3096.47,3103.48,3086.68,3079.46,3134.03,3142.23,3210.93,3113.68,3060.09,3072.4,3133.06,3247.48,3286.44
India,CAIT,Total including LUCF,CO2,MtCO₂e,2400.25,2267.16,2149.01,2085.38,2072.03,1901.98,1843.74,1695.97,1670.29,1573.51,1428.85,1341.07,1219.23,1142.71,1092.16,1020.87,992.51,958.86,719.07,683.0,618.73,600.38,555.6,519.98,466.79,431.31,409.09,386.17,341.32
Indonesia,CAIT,Total including LUCF,CO2,MtCO₂e,1269.55,1081.11,1068.1,1574.76,1539.23,1250.27,1303.87,1285.69,773.92,1036.71,731.76,738.57,1152.83,829.93,1031.49,761.93,1001.39,631.16,795.62,849.42,907.96,1484.56,772.38,909.21,881.31,869.88,855.3,846.23,832.39
Japan,CAIT,Total including LUCF,CO2,MtCO₂e,1074.08,1119.86,1139.33,1131.74,1170.11,1211.27,1202.66,1162.67,1057.96,1003.19,1061.73,1128.57,1092.63,1116.25,1113.6,1118.29,1109.5,1073.16,1107.18,1090.14,1055.5,1098.26,1110.51,1097.1,1087.22,1033.99,1041.79,1029.99,1016.89
Russia,CAIT,Total including LUCF,CO2,MtCO₂e,1049.05,998.24,971.87,870.02,919.33,936.52,979.37,974.12,814.11,726.06,844.09,822.52,821.2,762.04,765.36,753.44,723.05,721.85,1115.29,1081.87,1043.96,1052.5,1159.83,1190.39,1238.41,1447.33,1630.98,1766.89,1790.34
Brazil,CAIT,Total including LUCF,CO2,MtCO₂e,812.02,834.14,826.21,741.96,768.77,744.85,713.75,679.1,1498.84,1451.95,1473.28,1452.63,1435.1,1431.63,1427.88,1410.4,1418.33,1420.6,1351.16,1339.1,1329.24,1319.99,1301.37,1279.97,1261.19,1253.64,1247.13,1243.65,1236.73
Germany,CAIT,Total including LUCF,CO2,MtCO₂e,680.06,702.73,717.68,713.08,708.25,748.42,730.81,717.17,754.58,716.32,771.22,765.28,795.83,783.85,802.5,818.31,815.01,829.38,778.97,782.33,812.12,819.93,851.78,822.15,824.87,836.08,841.83,881.44,904.38
Iran,CAIT,Total including LUCF,CO2,MtCO₂e,629.35,620.83,605.81,602.23,610.67,592.48,571.12,561.73,506.63,507.16,489.82,479.47,446.5,406.93,375.44,346.42,324.45,306.74,320.34,306.0,272.42,271.0,259.83,251.99,240.77,210.86,212.99,197.26,158.83
Canada,CAIT,Total including LUCF,CO2,MtCO₂e,609.67,597.4,585.58,693.99,697.02,691.53,682.31,682.88,836.28,822.04,851.45,872.59,842.42,851.37,838.71,846.79,826.9,808.34,580.65,560.63,552.1,543.72,528.32,514.62,503.69,487.56,490.88,477.81,483.99
Democratic Republic of the Congo,CAIT,Total including LUCF,CO2,MtCO₂e,603.57,603.66,603.43,604.26,606.16,605.02,603.8,603.89,369.76,369.61,369.57,369.45,369.3,369.19,368.87,368.77,368.58,368.5,368.63,369.03,369.04,368.92,368.97,368.95,369.0,369.14,369.19,369.45,370.89
South Korea,CAIT,Total including LUCF,CO2,MtCO₂e,585.07,579.56,568.98,556.05,535.54,547.18,548.5,546.83,514.14,465.27,453.07,441.38,426.82,419.96,424.78,404.49,401.82,410.4,413.25,358.5,323.23,388.04,366.44,341.87,310.79,284.2,253.77,231.61,206.81
Saudi Arabia,CAIT,Total including LUCF,CO2,MtCO₂e,514.6,540.7,556.74,561.14,536.81,499.38,488.75,456.67,439.23,399.63,382.24,347.53,328.35,308.97,294.21,278.11,266.91,248.6,244.34,234.53,230.41,214.93,234.09,222.4,218.79,206.21,199.35,186.61,166.39
Mexico,CAIT,Total including LUCF,CO2,MtCO₂e,486.58,486.25,493.7,486.44,472.17,483.71,494.56,494.81,402.21,395.03,410.68,395.67,382.98,365.66,347.46,340.27,322.01,316.03,406.79,382.78,395.43,371.54,348.39,328.84,348.29,323.14,312.07,308.41,290.01
South Africa,CAIT,Total including LUCF,CO2,MtCO₂e,439.8,441.69,431.74,431.17,454.27,443.16,432.99,415.41,431.5,410.42,432.95,403.29,385.95,384.03,386.36,359.5,337.79,326.95,291.05,284.79,302.8,295.2,280.26,270.47,258.29,252.71,245.11,248.61,253.94
Australia,CAIT,Total including LUCF,CO2,MtCO₂e,388.81,389.39,386.15,346.53,340.43,349.83,356.33,356.33,416.72,424.33,417.88,414.75,404.44,398.89,394.65,381.38,382.28,374.35,389.23,383.46,378.07,357.18,349.99,339.4,329.03,322.72,318.72,315.07,313.95
Turkey,CAIT,Total including LUCF,CO2,MtCO₂e,384.32,387.25,345.94,291.92,280.97,258.5,269.21,258.05,254.16,244.87,244.24,246.01,218.13,192.05,181.64,176.2,165.15,154.82,199.67,175.93,176.91,176.65,168.5,151.32,136.99,138.69,132.88,126.88,122.28
United Kingdom,CAIT,Total including LUCF,CO2,MtCO₂e,347.84,355.42,367.93,389.41,403.89,442.1,456.12,433.47,470.83,454.16,503.46,518.2,530.68,529.64,531.36,531.12,519.27,533.53,519.16,511.41,514.07,511.37,533.7,513.33,524.43,529.56,542.02,559.38,545.73
Malaysia,CAIT,Total including LUCF,CO2,MtCO₂e,319.59,298.1,310.17,124.54,135.37,109.59,91.92,92.13,316.2,303.97,309.7,298.83,277.26,279.59,268.09,247.43,240.01,224.83,233.1,222.59,233.95,214.34,206.21,197.88,191.2,185.4,183.09,177.54,170.4
Italy,CAIT,Total including LUCF,CO2,MtCO₂e,312.03,316.37,320.52,303.19,292.83,311.79,342.08,362.02,370.56,362.34,410.27,424.66,431.94,439.12,437.69,427.49,408.76,401.86,401.78,398.49,391.85,381.0,377.63,381.89,357.76,362.41,367.75,369.55,370.74
Poland,CAIT,Total including LUCF,CO2,MtCO₂e,279.83,279.92,266.86,261.94,258.63,271.24,276.27,283.51,242.12,225.64,236.73,241.79,242.51,229.77,230.24,226.19,215.84,222.2,282.27,295.56,305.04,331.29,342.0,326.79,326.6,330.86,330.22,338.47,337.06
Thailand,CAIT,Total including LUCF,CO2,MtCO₂e,270.9,273.7,273.79,263.34,259.38,262.72,252.33,234.88,202.37,187.79,194.8,190.63,184.56,182.59,176.75,157.31,149.6,138.28,174.79,174.18,167.52,188.5,185.34,166.83,148.39,134.23,119.61,109.85,100.74
France,CAIT,Total including LUCF,CO2,MtCO₂e,247.98,254.37,250.72,249.42,243.42,275.53,275.23,272.44,281.45,277.4,291.73,296.43,305.12,314.34,311.47,310.45,304.82,310.56,348.31,350.09,356.3,334.26,343.1,327.43,319.62,324.68,343.81,355.84,331.69
Egypt,CAIT,Total including LUCF,CO2,MtCO₂e,246.45,238.87,234.14,226.86,217.56,211.34,213.32,202.53,196.33,195.32,188.94,182.06,168.96,160.42,142.52,131.07,127.57,124.84,112.45,114.26,108.86,103.55,96.36,91.46,86.03,91.43,91.89,88.98,86.41
Vietnam,CAIT,Total including LUCF,CO2,MtCO₂e,245.36,209.66,211.7,186.54,146.44,132.72,124.61,126.39,167.68,149.73,135.62,123.43,113.77,110.49,102.81,88.48,86.61,73.93,-22.17,-27.25,-27.51,-32.4,-38.3,-41.95,-45.54,-48.04,-52.98,-53.98,-53.88
Spain,CAIT,Total including LUCF,CO2,MtCO₂e,244.45,249.55,233.15,248.42,233.1,234.94,261.41,266.54,254.12,268.35,305.03,335.55,322.65,331.38,316.44,299.53,293.62,275.62,250.68,235.67,213.54,205.91,187.41,197.88,185.76,175.41,189.79,179.52,172.32
Kazakhstan,CAIT,Total including LUCF,CO2,MtCO₂e,217.46,222.57,220.04,196.78,195.37,246.48,231.63,232.33,222.05,202.7,230.49,187.59,178.69,160.96,148.7,134.78,119.94,110.36,113.85,117.43,129.49,125.99,149.08,171.65,195.24,217.53,254.83,246.71,236.74
Pakistan,CAIT,Total including LUCF,CO2,MtCO₂e,215.37,204.7,187.57,169.04,159.12,150.55,149.2,147.09,147.68,152.2,149.23,153.32,139.55,128.74,125.72,112.73,109.37,106.88,106.42,106.8,98.21,97.36,93.87,90.78,84.29,81.79,74.97,68.35,69.1
Argentina,CAIT,Total including LUCF,CO2,MtCO₂e,207.11,209.83,213.99,251.66,245.48,249.58,244.1,242.84,262.97,252.27,262.98,258.46,250.19,241.14,236.68,223.19,212.28,219.67,176.25,178.51,177.49,171.64,170.88,158.13,158.12,155.35,151.67,149.64,144.16
United Arab Emirates,CAIT,Total including LUCF,CO2,MtCO₂e,200.3,208.25,199.46,194.04,183.84,184.1,175.73,166.32,162.82,157.18,156.2,131.69,121.46,116.28,109.98,103.53,98.12,96.26,84.54,86.0,83.85,81.45,75.81,72.64,68.29,62.15,59.64,61.5,55.4
Iraq,CAIT,Total including LUCF,CO2,MtCO₂e,188.64,174.79,172.84,162.27,168.92,162.63,151.94,131.12,120.18,107.46,85.99,77.42,83.84,88.17,75.24,72.03,79.36,84.25,74.44,64.47,81.32,115.65,98.08,95.97,99.59,88.63,67.26,46.63,64.71
Venezuela,CAIT,Total including LUCF,CO2,MtCO₂e,181.29,191.71,204.88,282.4,296.87,296.03,292.24,278.48,258.53,251.06,250.61,239.91,237.03,244.71,229.89,225.21,232.75,224.46,279.51,272.6,277.56,280.97,275.67,261.98,255.37,255.18,249.79,247.44,248.17
Nigeria,CAIT,Total including LUCF,CO2,MtCO₂e,176.66,158.91,154.41,154.14,162.19,156.71,146.67,148.08,136.73,120.23,137.52,136.12,138.2,144.43,134.63,134.68,132.1,131.14,122.06,120.65,122.63,129.54,133.18,127.53,126.52,130.4,132.4,121.56,113.84
Ukraine,CAIT,Total including LUCF,CO2,MtCO₂e,173.18,162.66,189.1,176.6,223.34,254.33,263.01,269.24,244.87,227.7,276.79,287.66,279.54,270.97,282.73,305.94,279.72,276.38,248.7,257.09,260.74,279.68,297.56,350.76,367.14,450.79,526.12,603.4,640.09
Colombia,CAIT,Total including LUCF,CO2,MtCO₂e,162.46,159.03,166.72,137.53,136.32,134.29,126.78,126.41,145.22,143.48,140.52,139.7,138.22,138.41,136.72,136.47,136.86,138.97,150.83,148.44,156.64,156.12,151.38,151.59,148.92,148.27,145.7,143.07,141.35
Netherlands,CAIT,Total including LUCF,CO2,MtCO₂e,152.52,157.27,159.64,159.47,151.26,158.49,158.89,160.24,172.28,161.66,166.5,165.74,164.82,169.08,173.27,171.59,168.66,168.59,163.75,163.09,168.37,167.94,175.38,165.81,158.9,159.74,154.74,155.95,149.83
Algeria,CAIT,Total including LUCF,CO2,MtCO₂e,151.87,145.3,143.55,145.35,138.18,129.29,126.01,117.51,110.74,110.37,101.59,98.12,91.35,86.58,82.49,81.43,78.01,72.36,79.17,78.12,75.11,73.41,71.99,73.63,72.12,74.05,66.73,67.51,68.47
Philippines,CAIT,Total including LUCF,CO2,MtCO₂e,144.7,139.05,127.38,116.1,106.84,100.23,90.49,86.9,85.95,79.91,79.11,76.94,73.19,80.49,78.71,77.15,75.33,74.05,75.59,74.84,77.33,77.73,69.9,64.21,53.9,49.87,46.14,42.77,43.25
Peru,CAIT,Total including LUCF,CO2,MtCO₂e,144.07,143.78,146.32,142.68,141.68,138.39,137.24,137.45,110.45,106.56,103.44,98.99,95.96,96.24,96.19,91.76,92.36,91.18,88.18,88.59,86.4,87.7,87.49,85.15,82.11,81.29,80.43,79.5,80.38
Myanmar,CAIT,Total including LUCF,CO2,MtCO₂e,136.92,133.48,125.78,128.25,124.63,121.56,118.38,114.79,134.15,132.1,130.98,135.08,135.2,134.24,136.38,134.72,131.21,131.84,150.72,150.15,149.01,147.66,148.08,148.94,147.62,146.79,146.26,146.1,146.17
Uzbekistan,CAIT,Total including LUCF,CO2,MtCO₂e,108.72,108.02,103.98,98.41,102.29,110.01,108.17,121.91,110.95,102.75,112.59,106.74,110.33,103.2,109.82,106.71,113.78,111.13,120.9,114.15,112.93,97.66,96.3,95.33,106.38,112.94,112.28,117.79,116.97
Bangladesh,CAIT,Total including LUCF,CO2,MtCO₂e,104.5,100.46,95.49,93.58,85.7,82.55,80.01,76.45,73.09,67.24,64.06,60.48,58.36,55.17,52.99,51.21,50.03,48.44,43.87,42.46,41.77,41.6,39.47,39.2,36.15,35.18,34.43,33.44,34.13
Zimbabwe,CAIT,Total including LUCF,CO2,MtCO₂e,99.43,97.4,98.15,23.72,23.47,23.68,23.43,22.81,20.75,18.69,18.54,20.7,20.77,21.45,20.71,21.12,23.43,24.84,24.1,26.22,24.48,24.23,25.26,25.89,26.36,27.48,28.87,28.7,26.94
Czech Republic,CAIT,Total including LUCF,CO2,MtCO₂e,96.66,97.6,97.04,97.35,96.12,99.08,103.54,107.35,106.98,104.22,111.36,116.68,113.65,113.05,116.49,115.82,111.58,115.78,113.72,102.5,109.48,115.35,117.3,115.74,115.27,121.54,124.7,127.46,140.76
Belgium,CAIT,Total including LUCF,CO2,MtCO₂e,93.63,92.93,94.48,92.84,87.8,94.25,92.6,93.21,103.46,96.65,103.92,101.57,105.63,107.6,111.01,112.49,107.84,115.34,113.27,111.59,115.49,112.72,115.53,110.65,110.99,106.19,108.42,110.05,105.4
Qatar,CAIT,Total including LUCF,CO2,MtCO₂e,90.17,87.68,85.28,83.31,80.4,74.6,73.29,65.77,62.27,57.17,55.23,51.05,44.98,41.28,31.91,28.91,27.6,23.49,21.73,22.95,20.81,19.45,17.91,17.02,16.25,15.49,14.68,14.61,12.54
Bolivia,CAIT,Total including LUCF,CO2,MtCO₂e,90.09,89.64,88.99,80.19,79.95,78.34,77.02,76.22,71.94,70.77,69.91,68.93,68.05,66.97,66.32,66.0,65.12,64.78,84.31,84.28,84.92,84.59,84.44,84.64,85.35,84.14,83.13,82.08,81.99
Kuwait,CAIT,Total including LUCF,CO2,MtCO₂e,89.45,89.71,89.87,88.03,83.57,85.25,83.58,81.15,78.22,75.01,72.89,68.71,69.65,67.23,59.47,55.61,53.37,50.8,47.15,43.71,39.87,34.04,32.93,33.78,33.73,29.24,22.99,35.73,29.23
Tanzania,CAIT,Total including LUCF,CO2,MtCO₂e,75.68,75.47,75.03,63.65,62.68,62.76,61.83,60.13,58.88,57.89,58.07,57.92,58.1,57.72,57.14,55.84,55.66,55.24,55.08,54.67,54.83,55.02,55.19,54.86,54.04,54.05,53.99,53.99,54.02
Oman,CAIT,Total including LUCF,CO2,MtCO₂e,73.39,69.92,69.56,68.3,64.47,60.99,58.65,52.38,46.47,42.73,40.08,41.03,37.52,27.87,27.52,27.67,26.94,25.28,22.54,20.43,17.28,17.24,15.82,15.6,13.81,14.08,14.9,16.1,11.89
Turkmenistan,CAIT,Total including LUCF,CO2,MtCO₂e,71.73,71.96,72.02,72.08,69.49,67.78,66.3,63.41,57.19,50.21,56.68,56.03,49.57,48.19,46.65,44.25,39.75,37.92,36.85,35.77,30.59,29.94,29.69,33.43,32.87,26.63,28.1,37.79,44.65
Greece,CAIT,Total including LUCF,CO2,MtCO₂e,66.68,68.19,68.25,69.41,70.95,73.89,81.49,85.95,86.49,93.65,99.32,103.23,99.62,100.86,98.76,99.14,95.52,95.53,93.53,86.47,86.2,82.84,81.83,81.91,78.81,77.17,77.25,74.89,74.69
Ecuador,CAIT,Total including LUCF,CO2,MtCO₂e,65.68,63.91,65.16,57.76,58.25,56.47,53.68,52.55,63.22,61.0,58.84,58.14,57.68,55.72,53.98,52.45,52.08,51.91,57.94,57.29,59.95,60.11,59.06,56.35,53.6,52.71,53.78,52.73,52.17
Morocco,CAIT,Total including LUCF,CO2,MtCO₂e,64.74,63.99,61.14,61.71,59.72,58.28,58.71,56.35,49.14,46.02,45.66,43.21,41.66,39.96,37.64,33.69,33.75,32.4,28.39,27.7,26.15,25.43,23.99,24.3,23.24,21.08,20.37,18.56,16.83
Angola,CAIT,Total including LUCF,CO2,MtCO₂e,62.93,66.44,71.01,70.76,70.23,68.42,65.85,65.07,64.14,62.75,60.69,59.1,55.95,53.82,54.9,53.63,49.24,48.53,22.67,22.94,21.65,22.0,21.68,21.05,16.96,17.17,16.64,16.8,16.6
Israel,CAIT,Total including LUCF,CO2,MtCO₂e,62.05,66.12,65.34,66.09,64.67,66.95,76.01,69.77,70.51,65.71,66.7,66.58,64.32,60.98,63.15,62.88,61.07,57.94,56.97,52.96,51.48,50.94,48.71,46.75,43.34,40.48,36.83,34.5,33.78
Mozambique,CAIT,Total including LUCF,CO2,MtCO₂e,59.47,58.85,58.61,51.22,50.05,49.04,48.66,48.78,51.64,51.44,51.17,51.16,50.79,50.64,50.84,50.83,50.5,50.34,49.78,49.59,49.6,49.64,49.52,49.53,49.45,49.65,49.45,49.29,49.47
Libya,CAIT,Total including LUCF,CO2,MtCO₂e,58.94,56.81,51.18,53.84,59.7,54.99,52.3,38.05,57.23,53.81,51.47,46.29,49.37,49.13,45.49,44.28,43.6,41.43,39.87,38.06,39.9,38.94,39.4,37.49,35.91,30.84,30.3,33.32,36.09
Austria,CAIT,Total including LUCF,CO2,MtCO₂e,56.06,58.71,56.27,56.08,54.92,58.68,58.04,61.2,63.79,58.26,64.56,65.08,67.93,70.07,69.63,68.3,63.2,61.75,50.06,49.58,51.2,50.75,51.43,47.71,44.81,44.33,44.19,48.95,44.8
Paraguay,CAIT,Total including LUCF,CO2,MtCO₂e,54.4,54.0,53.1,74.5,73.8,73.47,73.35,73.39,61.35,60.68,60.48,60.25,60.13,60.0,60.28,60.24,60.08,59.92,45.56,46.3,46.3,46.14,45.75,45.81,45.37,44.85,44.51,44.05,44.1
Romania,CAIT,Total including LUCF,CO2,MtCO₂e,52.0,51.22,48.26,-212.22,-213.71,-213.11,-203.39,-201.17,74.81,77.83,92.52,93.74,96.25,93.11,94.04,96.93,90.9,91.42,89.58,86.2,100.09,114.12,124.65,121.43,115.79,118.34,126.69,143.08,173.34
Finland,CAIT,Total including LUCF,CO2,MtCO₂e,51.3,49.7,52.33,-11.81,-8.47,-4.46,-5.25,0.44,47.7,39.31,41.74,50.15,52.06,40.47,52.66,56.53,48.21,45.79,24.44,25.64,26.22,29.53,31.47,24.98,28.8,22.34,21.15,24.01,23.44
Portugal,CAIT,Total including LUCF,CO2,MtCO₂e,50.07,53.63,49.06,49.04,45.12,45.75,47.42,49.06,51.53,56.89,57.43,59.39,61.04,66.07,62.72,61.11,66.19,61.97,63.11,63.66,57.06,52.39,50.2,52.16,48.77,47.26,48.24,44.23,42.53
Botswana,CAIT,Total including LUCF,CO2,MtCO₂e,49.54,49.2,48.45,48.54,48.46,46.89,46.46,45.33,44.71,45.43,45.75,45.67,45.44,45.63,45.33,45.24,45.34,45.17,45.33,45.13,44.91,44.28,44.13,44.41,44.3,44.47,44.52,43.95,44.02
Papua New Guinea,CAIT,Total including LUCF,CO2,MtCO₂e,48.46,48.52,48.47,46.54,45.98,45.44,45.2,45.47,38.24,38.26,38.23,39.11,39.01,39.43,39.71,38.72,38.4,37.87,37.59,36.0,34.75,33.89,33.56,33.49,31.23,31.39,31.36,31.35,31.35
Hungary,CAIT,Total including LUCF,CO2,MtCO₂e,48.28,48.45,46.39,44.72,41.96,42.1,44.77,48.25,50.15,50.11,55.29,56.13,57.73,58.23,58.66,60.56,58.0,58.7,56.26,59.53,58.98,58.62,60.1,59.07,59.41,60.01,59.63,66.18,69.04
Ethiopia,CAIT,Total including LUCF,CO2,MtCO₂e,48.0,47.23,46.75,44.46,43.91,41.97,40.2,39.29,37.72,38.16,38.04,37.2,36.53,36.18,36.42,36.09,35.65,35.42,29.97,29.6,29.59,29.38,29.2,28.9,28.56,28.24,27.81,28.63,28.6
Singapore,CAIT,Total including LUCF,CO2,MtCO₂e,47.39,47.46,46.19,45.45,44.41,43.87,43.64,44.72,42.36,38.78,38.37,38.23,37.12,36.85,39.56,38.16,41.32,42.22,42.53,38.42,37.94,39.45,39.81,38.83,39.19,37.32,32.13,31.24,29.67
Solomon Islands,CAIT,Total including LUCF,CO2,MtCO₂e,45.78,45.76,45.77,-17.52,-17.48,-17.44,-17.47,-17.47,2.03,2.02,2.01,2.03,2.03,2.03,2.0,1.96,1.95,1.94,4.15,4.14,4.13,4.13,4.12,4.11,4.1,4.09,4.08,4.07,4.07
Serbia,CAIT,Total including LUCF,CO2,MtCO₂e,45.45,46.81,46.16,42.32,35.88,43.3,42.61,47.97,11.07,11.48,15.76,16.99,18.17,15.92,21.96,17.51,14.12,10.58,41.07,37.87,54.38,54.36,49.78,42.42,36.73,40.3,45.99,49.29,58.99
Cameroon,CAIT,Total including LUCF,CO2,MtCO₂e,42.38,42.1,42.33,41.72,41.46,41.08,40.77,41.65,50.41,50.18,49.57,49.47,48.29,47.95,47.88,47.42,47.55,47.65,59.65,59.42,59.63,59.45,59.2,59.97,60.14,59.52,55.38,55.5,55.76
Sudan,CAIT,Total including LUCF,CO2,MtCO₂e,41.2,41.34,41.49,39.32,36.85,36.01,36.73,36.5,37.68,36.79,36.31,35.22,34.23,31.86,30.31,29.54,29.35,27.92,27.03,26.66,26.1,26.55,25.61,25.82,25.8,24.33,25.67,25.94,26.5
Zambia,CAIT,Total including LUCF,CO2,MtCO₂e,40.47,39.82,38.41,37.91,37.64,37.09,36.89,35.92,20.09,19.9,19.64,19.42,19.62,19.75,19.57,19.54,19.38,19.25,19.21,19.1,19.46,19.56,19.04,19.42,19.43,19.8,20.13,20.16,20.02
Cambodia,CAIT,Total including LUCF,CO2,MtCO₂e,40.16,40.38,38.9,73.51,71.55,70.5,70.35,70.11,8.5,8.3,7.52,7.18,6.52,6.21,5.95,5.95,5.78,5.73,6.13,6.08,6.11,5.87,5.78,5.68,5.64,5.55,5.52,5.47,5.43
Belarus,CAIT,Total including LUCF,CO2,MtCO₂e,37.8,34.8,33.85,38.47,43.05,43.53,43.38,41.94,36.42,32.15,35.27,32.48,33.97,31.68,30.99,27.87,27.13,27.14,20.46,22.42,24.49,26.24,25.62,24.64,31.66,43.24,54.78,63.29,66.9
Côte d'Ivoire,CAIT,Total including LUCF,CO2,MtCO₂e,36.55,37.02,35.96,36.19,35.59,35.08,34.5,32.6,32.83,32.52,32.95,32.14,32.21,32.4,32.01,31.74,32.96,32.84,66.99,67.32,65.46,65.37,64.42,63.77,63.39,63.25,63.07,63.09,63.0
Switzerland,CAIT,Total including LUCF,CO2,MtCO₂e,35.23,36.38,37.37,36.82,37.51,41.27,40.26,38.98,42.85,41.31,42.6,41.18,43.12,43.49,42.93,42.49,41.23,42.83,42.24,43.06,42.78,41.28,42.54,41.98,41.13,41.99,44.25,44.21,41.87
Ireland,CAIT,Total including LUCF,CO2,MtCO₂e,34.32,34.74,35.91,34.75,33.3,33.47,34.85,34.11,38.5,38.89,44.22,44.89,45.68,44.65,42.73,42.09,41.92,42.79,40.15,37.81,36.2,33.68,32.51,31.05,30.45,29.26,29.13,29.05,28.53
Denmark,CAIT,Total including LUCF,CO2,MtCO₂e,34.23,34.19,36.23,31.65,33.81,38.03,36.25,41.14,48.16,47.87,50.1,53.38,58.19,50.25,53.87,59.33,53.96,53.84,53.04,57.29,60.08,64.06,73.65,60.26,63.53,59.63,57.35,63.07,52.43
Slovakia,CAIT,Total including LUCF,CO2,MtCO₂e,31.93,32.51,30.43,23.15,22.84,25.34,24.76,26.53,27.05,25.44,28.64,28.82,29.48,30.12,29.04,29.94,29.68,30.18,28.64,31.22,31.97,32.84,32.74,32.94,32.27,34.89,36.66,38.5,45.38
Bahrain,CAIT,Total including LUCF,CO2,MtCO₂e,30.75,30.38,30.2,30.59,30.22,28.76,26.57,26.03,25.98,24.73,24.77,23.01,22.49,20.7,17.93,17.95,17.22,16.39,15.88,15.45,15.51,14.41,14.17,13.54,13.37,13.07,12.27,10.34,10.74
Azerbaijan,CAIT,Total including LUCF,CO2,MtCO₂e,30.1,30.05,30.74,29.32,29.78,28.54,27.91,25.71,22.33,23.33,27.77,25.7,32.36,34.84,32.28,32.52,36.32,36.91,38.43,37.2,37.81,37.89,38.8,44.19,46.0,51.94,43.05,65.45,55.94
Chile,CAIT,Total including LUCF,CO2,MtCO₂e,28.75,29.17,28.29,0.62,-4.97,1.59,-2.86,-4.88,33.63,29.28,32.16,28.66,20.96,19.63,18.64,13.83,12.6,11.78,32.46,36.41,34.04,33.19,26.69,20.89,18.01,14.94,14.12,12.19,13.05
Burkina Faso,CAIT,Total including LUCF,CO2,MtCO₂e,28.37,28.17,27.6,9.27,8.89,8.84,8.58,8.07,18.54,18.38,18.36,18.13,17.85,17.6,17.58,17.55,17.48,17.47,13.31,13.19,13.14,13.08,12.98,12.9,12.88,12.88,12.87,12.86,12.85
Syria,CAIT,Total including LUCF,CO2,MtCO₂e,27.92,29.1,26.46,25.37,26.4,29.85,45.32,55.25,59.02,58.48,63.39,61.44,58.15,54.92,44.01,41.61,41.32,40.62,38.86,38.61,39.38,36.48,36.13,33.02,31.21,30.09,30.73,31.44,28.89
Lebanon,CAIT,Total including LUCF,CO2,MtCO₂e,27.63,29.2,27.73,26.97,24.86,23.17,23.41,21.1,20.89,21.92,18.67,15.06,16.24,17.29,17.89,17.42,16.84,16.9,15.69,17.05,16.27,16.14,14.14,13.32,11.29,10.34,7.03,7.05,5.63
Laos,CAIT,Total including LUCF,CO2,MtCO₂e,27.46,27.18,24.03,17.32,13.09,12.58,11.94,11.71,15.05,14.71,14.22,13.91,13.82,13.43,13.39,13.33,13.28,13.17,11.41,11.35,11.32,11.29,11.25,11.17,11.14,11.11,11.1,11.05,11.02
Tunisia,CAIT,Total including LUCF,CO2,MtCO₂e,26.19,26.11,25.2,33.55,32.71,30.65,30.56,29.6,26.13,23.79,23.48,23.21,22.76,21.84,21.52,20.56,20.43,20.34,20.01,18.92,18.0,17.26,16.68,16.12,15.73,15.6,14.26,13.5,12.83
Nicaragua,CAIT,Total including LUCF,CO2,MtCO₂e,24.72,24.91,24.89,16.25,15.74,15.48,15.67,15.76,28.15,28.03,28.1,28.3,28.15,27.94,28.14,28.17,27.7,27.56,23.3,23.08,23.05,22.56,22.35,22.19,22.06,21.74,21.77,21.46,21.47
Jordan,CAIT,Total including LUCF,CO2,MtCO₂e,24.7,26.1,24.86,25.36,25.59,23.8,24.12,20.76,20.2,20.66,20.01,21.09,20.17,19.87,18.58,17.31,16.87,16.25,16.27,14.63,14.61,14.37,13.87,13.6,12.99,12.2,11.92,9.78,9.93
Mongolia,CAIT,Total including LUCF,CO2,MtCO₂e,24.42,22.56,21.28,20.48,21.3,21.55,20.31,18.9,18.42,17.75,17.07,17.13,16.53,15.17,13.66,13.39,13.69,13.06,13.21,12.81,12.75,12.71,12.87,14.45,14.5,16.02,17.03,18.93,17.14
Chad,CAIT,Total including LUCF,CO2,MtCO₂e,24.4,24.36,24.35,26.87,26.83,26.82,26.79,26.72,17.7,17.64,17.63,17.55,17.49,17.47,17.45,17.44,17.21,17.2,8.13,8.12,8.1,8.09,8.07,8.06,8.05,8.04,8.03,8.02,8.01
Dominican Republic,CAIT,Total including LUCF,CO2,MtCO₂e,23.56,21.83,22.9,22.27,20.14,20.07,20.47,19.7,18.7,17.69,18.6,18.65,18.38,16.73,15.32,16.78,18.93,17.03,11.39,10.52,9.34,7.24,5.46,4.58,3.87,2.25,2.35,0.96,0.59
Sri Lanka,CAIT,Total including LUCF,CO2,MtCO₂e,23.54,25.22,23.85,20.97,18.22,15.11,17.47,16.07,15.53,14.76,15.28,16.07,14.9,16.48,15.37,14.92,13.89,13.35,15.55,14.12,13.24,12.97,12.98,10.45,10.4,9.72,9.88,8.62,8.47
Uganda,CAIT,Total including LUCF,CO2,MtCO₂e,21.95,21.66,21.5,20.69,20.57,20.1,19.74,19.99,19.68,19.24,19.02,18.78,18.45,18.07,17.62,17.47,17.39,17.19,17.19,17.19,17.16,17.0,16.94,16.83,16.56,16.65,16.65,16.64,16.62
Cuba,CAIT,Total including LUCF,CO2,MtCO₂e,21.92,22.6,25.4,14.78,14.17,14.64,16.14,15.83,20.01,16.85,16.06,16.95,16.05,15.6,14.72,14.97,15.71,16.94,17.38,17.0,16.12,16.58,14.2,12.25,10.79,9.26,11.27,16.6,24.59
New Zealand,CAIT,Total including LUCF,CO2,MtCO₂e,21.59,22.31,20.57,15.47,15.07,15.03,15.3,13.64,8.3,8.49,11.54,10.57,11.48,11.43,10.04,10.62,8.76,8.9,3.6,2.82,1.45,1.93,-0.39,-1.5,-1.61,-1.98,-1.49,-3.27,-3.58
Guatemala,CAIT,Total including LUCF,CO2,MtCO₂e,21.48,19.78,20.73,24.05,21.66,20.72,19.86,19.45,25.16,25.57,24.96,26.12,25.23,25.24,24.47,24.26,24.19,23.53,25.54,24.33,24.41,22.67,22.31,22.48,21.56,21.23,20.95,20.16,20.05
North Korea,CAIT,Total including LUCF,CO2,MtCO₂e,21.41,25.67,33.38,28.5,34.62,31.02,41.7,40.24,53.32,57.06,74.53,67.33,80.64,79.28,76.02,74.43,72.9,76.08,78.18,72.93,67.3,73.88,80.36,89.78,95.11,103.07,111.05,123.71,129.72
Bosnia and Herzegovina,CAIT,Total including LUCF,CO2,MtCO₂e,20.81,20.91,20.6,15.9,15.77,18.13,18.25,20.02,21.19,20.93,21.11,19.23,18.26,16.57,15.92,15.21,14.9,14.11,17.21,13.77,14.02,11.75,7.44,6.63,6.42,16.66,19.22,24.7,27.22
Sweden,CAIT,Total including LUCF,CO2,MtCO₂e,19.68,21.76,22.14,17.0,16.89,18.3,19.9,22.31,37.15,31.76,34.94,35.88,37.61,38.88,42.17,43.7,42.49,40.95,55.31,59.21,60.26,59.26,65.52,60.1,60.35,58.36,58.61,56.1,55.21
Benin,CAIT,Total including LUCF,CO2,MtCO₂e,18.62,18.07,17.94,16.7,16.22,15.73,15.45,15.69,15.8,15.41,15.06,15.1,14.54,13.49,13.24,13.09,12.83,12.55,16.52,16.41,16.29,16.23,16.05,15.45,15.4,15.41,15.35,15.33,15.37
Norway,CAIT,Total including LUCF,CO2,MtCO₂e,18.43,17.95,18.99,19.7,19.34,19.27,20.16,21.2,19.05,14.63,14.23,15.16,14.51,13.52,14.6,14.25,11.6,11.91,19.02,24.3,22.47,20.75,18.99,18.05,18.63,16.98,15.4,12.21,14.15
Somalia,CAIT,Total including LUCF,CO2,MtCO₂e,18.04,18.01,18.01,18.0,18.0,18.01,17.98,17.99,17.98,17.97,17.97,17.98,17.93,17.93,17.93,17.93,17.92,17.86,17.84,17.85,17.87,17.9,17.93,17.95,17.98,17.99,18.03,18.06,18.08
Estonia,CAIT,Total including LUCF,CO2,MtCO₂e,17.96,18.21,17.58,9.21,11.67,13.04,10.63,11.9,17.58,13.63,16.96,18.52,14.54,15.77,15.55,15.44,13.46,13.87,13.38,13.7,14.59,15.09,15.46,14.48,16.08,16.52,21.97,29.58,33.23
Trinidad and Tobago,CAIT,Total including LUCF,CO2,MtCO₂e,17.88,18.32,18.35,21.37,22.03,22.84,22.23,23.3,22.76,20.33,21.28,22.21,22.36,19.8,16.11,15.45,16.15,15.57,14.44,14.29,14.18,13.85,13.38,13.24,13.1,12.56,12.01,13.08,14.19
Guyana,CAIT,Total including LUCF,CO2,MtCO₂e,16.51,16.39,16.39,18.76,18.77,18.7,18.74,18.58,10.84,10.7,10.68,10.69,10.42,10.57,10.78,10.3,10.3,10.32,9.63,9.68,9.51,9.47,9.22,8.89,8.38,8.06,8.05,8.12,8.15
Guinea,CAIT,Total including LUCF,CO2,MtCO₂e,15.35,15.19,15.04,13.68,13.38,13.31,13.62,13.75,13.58,13.2,13.09,13.06,12.99,12.92,12.86,12.79,12.72,12.67,12.24,12.2,12.13,12.05,12.0,11.93,11.9,11.86,11.83,11.8,11.78
Honduras,CAIT,Total including LUCF,CO2,MtCO₂e,15.3,14.53,14.92,15.76,15.36,15.24,15.04,14.68,13.56,13.5,14.01,13.96,13.39,12.38,12.97,12.13,11.49,11.21,10.57,10.31,10.24,9.6,9.46,9.42,8.8,8.45,8.28,8.0,7.99
Nepal,CAIT,Total including LUCF,CO2,MtCO₂e,14.97,13.98,12.3,9.48,10.15,9.1,9.01,8.21,0.48,-0.28,-1.16,-1.46,-1.53,-0.96,-1.33,-1.12,-1.35,-0.67,1.93,1.81,0.73,0.59,0.35,0.29,0.18,-0.36,-0.54,-0.59,-0.83
Namibia,CAIT,Total including LUCF,CO2,MtCO₂e,14.81,14.89,14.92,14.83,14.56,14.38,14.1,13.88,13.69,13.59,13.52,13.18,13.1,13.09,12.94,12.83,12.69,13.02,12.5,12.54,12.58,12.53,12.48,12.33,12.2,11.98,11.78,11.68,N/A
Liberia,CAIT,Total including LUCF,CO2,MtCO₂e,14.76,14.7,14.85,14.7,14.66,14.36,14.4,14.29,14.17,13.98,13.98,14.08,14.13,14.11,14.0,13.92,13.88,13.89,13.85,13.81,13.9,13.86,13.84,13.82,13.82,13.82,13.8,13.77,13.85
Panama,CAIT,Total including LUCF,CO2,MtCO₂e,14.53,14.65,15.17,15.1,15.68,15.0,14.86,14.39,13.58,13.09,11.7,11.88,11.89,11.52,10.01,9.93,9.81,10.62,11.27,11.0,11.71,10.63,10.4,10.35,10.03,9.79,9.63,9.12,8.68
Slovenia,CAIT,Total including LUCF,CO2,MtCO₂e,14.39,14.49,14.27,10.54,10.55,11.97,12.54,13.1,4.28,4.01,5.86,4.77,4.78,4.4,4.18,3.89,4.0,3.85,5.18,5.54,6.1,6.32,5.89,5.07,4.2,4.16,3.42,3.34,4.13
Central African Republic,CAIT,Total including LUCF,CO2,MtCO₂e,14.31,14.29,14.29,14.28,14.28,14.27,14.27,14.26,14.24,14.23,14.23,14.23,14.22,14.2,14.2,14.2,14.21,14.22,14.2,14.2,14.19,14.13,14.13,14.13,14.12,14.12,14.11,14.11,14.12
Senegal,CAIT,Total including LUCF,CO2,MtCO₂e,14.19,13.9,14.25,13.76,13.04,12.48,11.93,12.04,13.39,13.02,12.77,12.57,11.94,12.03,11.76,10.85,10.95,10.82,8.95,8.85,8.48,8.1,7.81,7.65,7.49,7.39,7.46,7.22,7.21
Republic of Congo,CAIT,Total including LUCF,CO2,MtCO₂e,13.69,13.66,13.76,12.91,13.55,13.41,14.11,13.99,14.02,14.45,14.42,14.09,13.94,13.79,11.81,11.9,11.79,11.98,12.04,12.28,12.54,12.64,12.14,12.33,12.21,12.43,12.45,12.51,10.27
Madagascar,CAIT,Total including LUCF,CO2,MtCO₂e,13.49,13.61,13.33,13.43,13.15,13.03,12.85,12.3,23.91,23.72,23.82,23.76,23.67,23.73,23.67,23.57,23.14,23.69,30.57,30.58,30.46,30.24,30.12,30.18,29.97,29.75,29.72,29.71,29.65
Croatia,CAIT,Total including LUCF,CO2,MtCO₂e,12.24,13.14,12.59,15.18,14.84,15.54,15.96,17.54,18.63,19.48,20.91,22.06,20.79,20.63,20.27,20.78,19.45,18.37,17.19,17.65,17.62,16.2,14.49,14.55,13.98,14.64,14.1,13.78,19.48
Suriname,CAIT,Total including LUCF,CO2,MtCO₂e,11.44,11.49,11.67,11.0,10.89,10.54,10.69,10.2,5.71,5.42,5.42,5.38,5.5,5.66,5.37,5.04,4.92,5.32,4.94,5.58,5.49,5.47,5.44,5.36,5.28,5.28,5.27,5.26,4.98
Gabon,CAIT,Total including LUCF,CO2,MtCO₂e,11.08,11.15,12.16,11.93,11.95,12.15,12.27,12.09,7.95,7.39,7.32,7.24,7.23,7.82,7.62,7.56,7.49,7.73,8.32,8.47,8.54,8.44,8.32,8.21,8.05,8.31,8.22,7.96,7.74
Lithuania,CAIT,Total including LUCF,CO2,MtCO₂e,10.95,10.6,10.59,4.98,4.78,5.27,5.86,5.78,12.64,11.72,13.11,13.26,13.07,12.88,11.98,11.32,11.31,11.25,11.12,12.86,15.35,14.57,14.89,14.42,15.5,16.42,20.67,34.96,32.89
Kenya,CAIT,Total including LUCF,CO2,MtCO₂e,10.78,11.27,11.15,25.38,23.32,22.39,20.42,21.33,27.75,26.82,25.03,24.48,24.41,23.44,22.55,21.64,22.54,22.73,3.88,3.13,2.81,2.29,2.62,2.02,1.51,1.51,1.6,1.54,1.78
Equatorial Guinea,CAIT,Total including LUCF,CO2,MtCO₂e,10.51,9.46,9.43,10.97,11.92,13.18,13.84,13.54,13.35,13.49,12.81,11.38,13.0,11.92,11.08,8.99,7.86,6.56,6.18,5.65,5.45,5.46,5.34,4.83,4.83,4.82,3.9,3.9,3.89
South Sudan,CAIT,Total including LUCF,CO2,MtCO₂e,10.28,10.44,10.67,8.51,8.07,8.02,7.99,6.95,7.17,7.16,7.16,7.16,7.16,7.16,7.16,7.16,7.16,7.17,7.06,7.06,7.03,7.02,7.01,7.01,6.94,6.94,6.94,6.94,6.94
Malawi,CAIT,Total including LUCF,CO2,MtCO₂e,9.71,9.65,9.5,9.34,9.24,9.39,9.3,9.32,9.22,9.3,9.29,9.16,9.11,9.1,9.09,9.06,9.05,9.06,9.06,9.13,9.08,9.1,9.05,9.05,9.04,9.02,8.93,8.93,8.86
Georgia,CAIT,Total including LUCF,CO2,MtCO₂e,9.46,9.63,9.65,9.2,8.47,7.84,7.19,6.52,1.81,2.11,1.32,2.11,1.18,0.73,-0.14,-0.36,-0.56,0.0,-13.5,-13.75,-13.28,-12.75,-11.9,-10.09,-7.82,-2.17,1.81,7.24,15.22
Yemen,CAIT,Total including LUCF,CO2,MtCO₂e,9.31,10.06,10.88,14.21,26.71,26.35,19.68,20.69,23.99,25.65,22.01,20.63,19.41,19.38,18.4,17.4,15.14,15.08,13.89,13.17,11.73,10.85,10.08,9.87,8.48,8.12,9.13,8.5,6.64
Luxembourg,CAIT,Total including LUCF,CO2,MtCO₂e,9.04,8.72,8.58,8.89,9.41,9.91,10.45,10.69,10.54,9.95,10.53,10.62,11.22,11.42,11.17,9.75,9.33,8.63,8.03,7.31,6.95,7.63,8.12,8.04,10.2,11.03,10.83,11.14,10.68
Moldova,CAIT,Total including LUCF,CO2,MtCO₂e,8.7,8.26,8.25,7.57,7.27,6.73,7.69,7.9,7.29,6.63,7.14,7.13,6.97,7.17,6.77,6.76,6.18,6.02,6.4,7.05,8.35,9.28,10.1,11.84,13.83,17.11,20.02,24.3,30.23
Jamaica,CAIT,Total including LUCF,CO2,MtCO₂e,8.69,7.37,7.93,7.53,7.64,7.82,7.35,7.83,5.05,5.45,7.19,9.59,9.63,8.13,8.14,8.16,7.82,7.65,10.5,10.41,10.12,9.57,9.41,9.05,8.74,8.68,8.51,7.76,7.83
El Salvador,CAIT,Total including LUCF,CO2,MtCO₂e,7.89,7.46,8.25,8.08,7.67,7.54,7.85,7.86,7.62,7.76,7.99,8.71,8.32,7.92,7.76,7.59,7.02,6.95,6.71,6.69,6.75,6.4,5.47,6.04,5.54,5.0,4.44,4.15,3.46
Kyrgyzstan,CAIT,Total including LUCF,CO2,MtCO₂e,7.73,6.08,6.43,9.53,8.97,8.64,9.32,6.88,6.34,6.75,7.5,6.46,5.31,5.29,5.55,5.58,4.96,3.96,3.65,3.77,5.01,4.67,4.75,3.58,5.52,9.09,12.78,19.4,21.74
Afghanistan,CAIT,Total including LUCF,CO2,MtCO₂e,7.59,7.53,7.55,7.74,7.56,8.27,10.2,12.02,8.79,6.12,4.51,2.49,2.06,1.76,1.25,1.47,1.22,0.93,-1.62,-1.57,-1.34,-1.29,-1.21,-1.14,-1.08,-1.03,-0.96,0.35,0.58
Brunei,CAIT,Total including LUCF,CO2,MtCO₂e,7.47,7.03,6.79,6.35,7.37,7.36,7.48,7.36,8.11,8.7,8.48,8.1,8.48,6.11,6.2,6.65,5.66,5.66,5.75,5.5,8.74,6.58,6.07,6.03,5.66,5.38,5.1,4.9,5.43
Macedonia,CAIT,Total including LUCF,CO2,MtCO₂e,7.37,7.86,7.39,7.48,7.78,8.24,9.13,9.64,8.73,8.96,9.58,9.81,9.37,9.36,8.92,9.21,8.43,8.99,8.82,9.14,9.88,9.04,10.11,8.57,8.59,8.89,8.59,8.38,8.59
Bulgaria,CAIT,Total including LUCF,CO2,MtCO₂e,7.32,10.24,7.94,32.57,30.12,27.7,33.01,37.56,21.29,19.41,26.47,29.07,25.41,24.32,23.63,24.35,20.08,22.63,21.56,22.53,28.83,31.61,33.3,32.94,31.76,33.91,33.38,36.85,51.81
Tajikistan,CAIT,Total including LUCF,CO2,MtCO₂e,7.2,6.25,5.83,4.36,4.07,2.76,2.59,2.14,2.07,2.04,2.68,2.9,2.32,2.1,2.23,1.82,1.78,1.8,2.23,2.58,2.8,2.55,2.27,2.54,3.06,5.19,7.71,10.21,11.05
Cyprus,CAIT,Total including LUCF,CO2,MtCO₂e,6.98,7.05,6.9,6.46,6.43,6.07,6.7,7.23,7.55,7.91,8.13,7.97,7.67,7.61,7.45,7.51,6.85,6.67,7.0,6.74,6.48,6.18,6.09,5.73,5.86,5.62,5.36,5.0,4.49
Belize,CAIT,Total including LUCF,CO2,MtCO₂e,5.92,5.88,5.87,6.13,5.96,5.97,6.16,6.11,3.81,4.72,3.74,3.78,3.75,3.7,3.68,3.74,3.76,3.76,6.97,6.95,7.01,7.01,6.92,7.02,7.01,7.02,7.06,6.99,6.89
Mali,CAIT,Total including LUCF,CO2,MtCO₂e,5.62,5.05,4.42,3.41,3.12,3.05,3.11,3.12,2.78,2.51,2.09,2.07,1.89,1.65,1.48,1.4,1.4,1.61,1.41,0.8,0.77,0.53,0.49,0.47,0.47,0.46,0.45,0.43,0.42
Armenia,CAIT,Total including LUCF,CO2,MtCO₂e,5.59,5.36,5.1,5.26,5.4,5.42,5.64,4.86,4.46,4.63,5.81,5.33,4.61,4.58,3.89,3.62,3.24,3.73,3.69,3.24,3.6,3.47,2.71,3.64,2.87,5.17,11.02,20.82,19.98
Albania,CAIT,Total including LUCF,CO2,MtCO₂e,5.32,5.37,4.7,4.23,4.37,3.95,3.74,4.2,3.46,3.2,3.05,3.1,2.94,2.95,3.18,2.99,2.63,2.11,3.36,3.16,1.99,1.67,2.16,2.14,2.33,2.26,2.43,4.3,6.24
Latvia,CAIT,Total including LUCF,CO2,MtCO₂e,4.85,4.33,4.37,4.64,4.6,4.8,4.92,5.24,-5.28,-6.45,-5.71,-5.3,-5.65,-6.14,-6.24,-6.29,-6.54,-6.54,-5.77,-5.24,-4.72,-4.34,-3.87,-3.89,-2.74,-1.2,1.01,4.27,5.84
Uruguay,CAIT,Total including LUCF,CO2,MtCO₂e,4.75,4.31,4.76,-0.31,-0.4,0.46,1.62,0.71,-3.69,-2.3,-2.22,-4.12,-3.64,-4.56,-4.51,-5.48,-5.44,-5.02,-7.78,-6.45,-7.45,-7.68,-7.78,-8.54,-8.97,-8.75,-8.47,-8.87,-9.39
Sierra Leone,CAIT,Total including LUCF,CO2,MtCO₂e,4.36,4.31,4.31,4.28,4.52,4.41,4.24,4.11,3.94,3.89,3.9,3.88,3.97,3.83,3.91,3.93,3.88,3.77,3.74,3.5,3.61,3.57,3.64,3.6,3.83,3.81,3.8,3.7,3.69
Mauritius,CAIT,Total including LUCF,CO2,MtCO₂e,4.11,4.15,4.01,3.97,3.96,3.82,3.73,3.64,3.75,3.51,3.55,3.48,3.39,3.05,2.85,2.83,2.7,2.65,2.41,2.18,1.77,1.6,1.59,1.53,1.49,1.45,1.3,1.23,1.14
Burundi,CAIT,Total including LUCF,CO2,MtCO₂e,4.07,4.06,3.96,-1.0,-1.02,-1.0,-1.01,-1.04,3.86,3.73,3.73,3.73,3.73,3.69,3.68,3.7,3.74,3.74,5.87,5.84,5.79,5.76,5.74,5.72,5.6,5.6,5.59,5.62,5.58
Haiti,CAIT,Total including LUCF,CO2,MtCO₂e,3.96,4.0,4.04,3.97,3.71,3.38,3.15,3.45,2.53,2.06,2.1,2.11,1.79,1.78,1.74,1.88,1.89,1.67,1.54,1.45,1.38,1.34,1.13,0.97,0.26,0.77,0.97,1.07,1.09
Niger,CAIT,Total including LUCF,CO2,MtCO₂e,3.53,3.31,3.22,3.2,3.21,3.02,3.12,2.64,2.6,2.32,2.1,2.05,1.98,1.99,2.02,1.99,1.93,1.9,6.34,6.35,6.37,6.32,6.31,6.23,6.25,6.27,6.2,6.24,6.27
Togo,CAIT,Total including LUCF,CO2,MtCO₂e,3.07,2.88,3.11,2.76,2.53,2.69,3.17,3.45,3.57,3.77,2.51,2.44,2.51,2.69,2.72,2.78,2.29,2.12,3.93,4.37,3.86,3.43,4.02,3.64,3.57,3.3,3.41,3.59,3.64
Mauritania,CAIT,Total including LUCF,CO2,MtCO₂e,2.92,2.72,1.73,3.34,2.91,2.59,2.79,2.59,2.47,2.39,2.19,2.11,1.85,1.84,1.81,1.7,1.66,1.57,1.51,1.51,1.39,1.45,1.46,1.4,1.34,1.31,1.29,1.26,1.24
Rwanda,CAIT,Total including LUCF,CO2,MtCO₂e,2.73,2.72,2.73,2.7,2.59,2.56,2.5,2.42,3.24,3.23,3.2,3.21,3.18,3.18,3.18,3.18,3.19,3.2,3.43,3.41,3.39,3.39,3.37,3.37,3.36,3.38,3.38,3.38,3.43
Lesotho,CAIT,Total including LUCF,CO2,MtCO₂e,2.57,2.44,2.27,2.23,2.31,2.29,2.28,2.21,2.16,2.1,2.01,1.96,1.92,1.9,1.87,1.82,1.8,1.77,1.75,1.72,1.71,1.67,1.64,1.61,1.58,1.54,1.5,1.45,1.39
Montenegro,CAIT,Total including LUCF,CO2,MtCO₂e,2.55,2.25,2.14,2.39,2.25,2.3,2.36,2.56,-1.55,-2.38,-1.44,-2.03,-1.95,-2.12,-4.13,-4.13,-4.13,-4.13,-0.34,-0.34,-0.34,-0.34,-0.34,-0.34,-0.34,-0.34,-0.34,-0.34,-0.34
Bahamas,CAIT,Total including LUCF,CO2,MtCO₂e,2.26,2.15,2.19,2.37,2.62,3.11,3.64,2.42,2.08,6.02,2.11,2.07,2.02,2.02,2.16,2.25,2.28,2.13,2.14,2.23,2.27,1.77,1.97,2.08,2.04,2.1,2.53,1.88,1.78
Iceland,CAIT,Total including LUCF,CO2,MtCO₂e,2.11,2.09,1.98,1.98,1.97,1.95,1.78,1.81,1.93,2.08,2.16,2.36,2.31,2.26,2.29,2.2,2.22,2.14,2.24,2.13,2.17,2.17,2.28,2.02,2.11,2.0,1.96,1.93,1.96
Maldives,CAIT,Total including LUCF,CO2,MtCO₂e,1.91,1.82,1.75,1.35,1.36,1.13,1.14,1.01,0.96,0.91,0.87,0.87,0.87,0.71,0.74,0.53,0.61,0.48,0.46,0.43,0.31,0.34,0.28,0.26,0.2,0.2,0.23,0.16,0.16
Guinea-Bissau,CAIT,Total including LUCF,CO2,MtCO₂e,1.8,1.78,1.78,1.77,1.76,1.75,1.74,1.73,1.73,1.72,1.71,1.72,1.7,1.7,1.69,1.68,1.64,1.64,1.63,1.68,1.66,1.68,1.66,1.67,1.67,1.67,1.66,1.66,1.66
Malta,CAIT,Total including LUCF,CO2,MtCO₂e,1.54,1.51,1.34,1.65,2.35,2.37,2.71,2.57,2.58,2.5,2.72,2.71,2.65,2.62,2.6,2.61,2.32,2.49,2.13,2.41,2.37,2.47,2.32,2.38,2.51,2.81,2.17,2.21,2.31
Barbados,CAIT,Total including LUCF,CO2,MtCO₂e,1.25,1.19,1.31,1.29,1.29,1.48,2.21,1.66,1.59,4.62,1.78,1.48,1.47,1.41,1.36,1.38,1.37,1.31,1.24,1.3,1.27,1.17,1.07,1.07,1.03,0.99,1.18,0.98,0.98
Eritrea,CAIT,Total including LUCF,CO2,MtCO₂e,1.24,1.17,1.11,1.03,1.06,1.03,1.01,0.96,0.96,0.93,0.9,0.97,0.98,1.06,1.14,1.15,1.14,1.15,1.07,1.08,1.05,1.26,1.31,1.23,1.17,1.07,0.87,0.43,0.43
Gambia,CAIT,Total including LUCF,CO2,MtCO₂e,1.1,1.07,1.06,1.06,1.04,0.97,0.99,0.98,0.97,1.01,0.96,0.93,0.89,0.86,0.85,0.83,0.83,0.84,0.77,0.79,0.77,0.76,0.75,0.74,0.73,0.73,0.73,0.73,0.72
Timor-Leste,CAIT,Total including LUCF,CO2,MtCO₂e,1.1,1.07,1.15,1.07,0.99,0.92,0.76,0.71,0.71,0.7,0.67,0.67,0.67,0.67,0.66,0.63,0.63,0.46,0.46,0.46,0.46,0.46,0.46,0.46,0.46,0.46,0.46,0.46,0.46
Eswatini,CAIT,Total including LUCF,CO2,MtCO₂e,0.96,0.91,1.1,0.9,0.83,1.42,0.93,0.89,0.88,0.94,0.89,0.91,0.88,0.88,0.86,0.87,0.94,0.95,1.0,1.09,1.01,0.98,0.65,0.87,0.91,0.6,0.7,0.81,0.82
Costa Rica,CAIT,Total including LUCF,CO2,MtCO₂e,0.95,0.88,0.79,0.25,0.54,0.51,0.18,0.16,6.65,6.74,7.06,7.14,6.09,5.81,5.48,5.34,5.07,4.97,7.41,7.5,7.48,6.96,6.99,7.28,7.32,6.65,6.61,5.53,5.33
Seychelles,CAIT,Total including LUCF,CO2,MtCO₂e,0.62,0.59,0.54,0.5,0.46,0.41,0.45,0.4,0.44,0.51,0.7,0.65,0.74,0.7,0.75,0.55,0.54,0.64,0.58,0.52,0.44,0.35,0.24,0.2,0.21,0.19,0.18,0.18,0.15
Cape Verde,CAIT,Total including LUCF,CO2,MtCO₂e,0.56,0.53,0.48,0.44,0.44,0.44,0.47,0.5,0.48,0.45,0.41,0.4,0.44,0.38,0.27,0.24,0.22,0.18,-0.29,-0.32,-0.35,-0.37,-0.37,-0.39,-0.4,-0.4,-0.4,-0.41,-0.41
Antigua and Barbuda,CAIT,Total including LUCF,CO2,MtCO₂e,0.53,0.5,0.5,0.49,0.48,0.47,0.72,0.51,0.49,1.39,0.48,0.46,0.44,0.41,0.4,0.41,0.39,0.35,0.33,0.33,0.33,0.3,0.28,0.27,0.25,0.25,0.29,0.22,0.21
Djibouti,CAIT,Total including LUCF,CO2,MtCO₂e,0.49,0.47,0.49,0.54,0.46,0.56,0.51,0.48,0.52,0.46,0.47,0.47,0.43,0.43,0.4,0.41,0.4,0.38,0.37,0.35,0.35,0.35,0.34,0.33,0.33,0.34,0.34,0.34,0.33
Andorra,CAIT,Total including LUCF,CO2,MtCO₂e,0.46,0.47,0.47,0.47,0.46,0.48,0.49,0.49,0.52,0.52,0.54,0.54,0.55,0.58,0.56,0.53,0.53,0.52,0.52,0.51,0.49,0.47,0.45,0.43,0.41,0.41,0.41,0.41,0.41
Samoa,CAIT,Total including LUCF,CO2,MtCO₂e,0.43,0.41,0.4,0.35,0.32,0.31,0.31,0.3,0.3,0.3,0.29,0.3,0.3,0.29,0.28,0.27,0.26,0.26,0.25,0.25,0.24,0.24,0.24,0.23,0.23,0.23,0.22,0.22,0.22
Sao Tome and Principe,CAIT,Total including LUCF,CO2,MtCO₂e,0.35,0.35,0.34,0.34,0.33,0.34,0.33,0.32,0.11,0.1,0.1,0.09,0.09,0.09,0.08,0.08,0.07,0.06,0.06,0.06,0.06,0.06,0.06,0.06,0.06,0.05,0.05,0.06,0.06
Comoros,CAIT,Total including LUCF,CO2,MtCO₂e,0.32,0.31,0.26,0.24,0.22,0.24,0.21,0.21,0.22,0.19,0.18,0.18,0.21,0.2,0.21,0.19,0.17,0.17,0.16,0.15,0.15,0.14,0.14,0.14,0.13,0.13,0.13,0.12,0.12
Grenada,CAIT,Total including LUCF,CO2,MtCO₂e,0.3,0.29,0.28,0.27,0.25,0.32,0.42,0.29,0.29,0.81,0.29,0.28,0.26,0.25,0.23,0.25,0.24,0.23,0.21,0.22,0.23,0.2,0.19,0.17,0.16,0.15,0.16,0.12,0.11
Palau,CAIT,Total including LUCF,CO2,MtCO₂e,0.29,0.27,0.26,0.22,0.22,0.22,0.21,0.22,0.21,0.2,0.21,0.24,0.25,0.26,0.23,0.22,0.22,0.22,0.21,0.2,0.2,0.2,0.2,0.2,0.2,0.2,0.2,0.0,0.0
Saint Vincent and the Grenadines,CAIT,Total including LUCF,CO2,MtCO₂e,0.28,0.27,0.27,0.22,0.29,0.22,0.4,0.23,0.25,0.99,0.22,0.3,0.25,0.25,0.25,0.23,0.23,0.21,0.12,0.14,0.15,0.11,0.1,0.1,0.09,0.08,0.07,0.04,0.03
Saint Kitts and Nevis,CAIT,Total including LUCF,CO2,MtCO₂e,0.26,0.24,0.25,0.24,0.23,0.23,0.35,0.26,0.24,0.7,0.25,0.25,0.23,0.22,0.24,0.23,0.23,0.21,0.19,0.18,0.18,0.16,0.15,0.15,0.15,0.14,0.15,0.11,0.11
Saint Lucia,CAIT,Total including LUCF,CO2,MtCO₂e,0.24,0.22,0.2,0.23,0.21,0.17,0.38,0.24,0.28,0.93,0.2,0.19,0.29,0.26,0.3,0.3,0.26,0.29,0.22,0.23,0.23,0.18,0.18,0.17,0.14,0.13,0.13,0.04,0.03
Marshall Islands,CAIT,Total including LUCF,CO2,MtCO₂e,0.19,0.18,0.18,0.15,0.15,0.14,0.14,0.14,0.14,0.14,0.13,0.14,0.14,0.14,0.13,0.11,0.12,0.11,0.1,0.1,0.1,0.09,0.09,0.09,0.09,0.09,0.08,0.0,0.0
Tonga,CAIT,Total including LUCF,CO2,MtCO₂e,0.19,0.18,0.15,0.11,0.11,0.12,0.11,0.11,0.12,0.14,0.13,0.13,0.15,0.13,0.13,0.12,0.1,0.1,0.1,0.11,0.1,0.09,0.08,0.1,0.09,0.09,0.08,0.09,0.08
Vanuatu,CAIT,Total including LUCF,CO2,MtCO₂e,0.18,0.17,0.18,0.14,0.16,0.11,0.12,0.13,0.13,0.13,0.1,0.11,0.07,0.07,0.07,0.09,0.08,0.09,0.09,0.09,0.08,0.09,0.09,0.07,0.06,0.06,0.06,0.07,0.07
Dominica,CAIT,Total including LUCF,CO2,MtCO₂e,0.16,0.15,0.17,0.17,0.17,0.17,0.25,0.16,0.17,0.49,0.17,0.17,0.16,0.15,0.14,0.13,0.11,0.14,0.19,0.17,0.16,0.16,0.13,0.15,0.13,0.13,0.14,0.12,0.12
Micronesia,CAIT,Total including LUCF,CO2,MtCO₂e,0.15,0.14,0.14,0.12,0.11,0.11,0.1,0.09,0.08,0.1,0.09,0.11,0.11,0.13,0.13,0.13,0.11,0.12,0.1,0.1,0.1,0.1,0.09,0.09,0.08,0.08,0.08,-0.03,0.0
Liechtenstein,CAIT,Total including LUCF,CO2,MtCO₂e,0.14,0.16,0.15,0.16,0.16,0.19,0.19,0.18,0.22,0.23,0.25,0.23,0.26,0.26,0.26,0.26,0.25,0.24,0.24,0.25,0.25,0.24,0.23,0.23,0.22,0.24,0.23,0.23,0.22
Cook Islands,CAIT,Total including LUCF,CO2,MtCO₂e,0.08,0.08,0.07,0.06,0.07,0.07,0.07,0.06,0.06,0.05,0.06,0.06,0.06,0.06,0.05,0.04,0.04,0.04,0.03,0.03,0.02,0.02,0.02,0.02,0.02,0.02,0.02,0.02,0.02
Kiribati,CAIT,Total including LUCF,CO2,MtCO₂e,0.08,0.08,0.08,0.06,0.06,0.06,0.06,0.05,0.05,0.06,0.06,0.06,0.07,0.07,0.05,0.05,0.04,0.03,0.04,0.03,0.03,0.03,0.03,0.03,0.03,0.03,0.02,0.02,0.02
Bhutan,CAIT,Total including LUCF,CO2,MtCO₂e,0.07,0.01,-0.09,-0.35,-0.38,-0.46,-0.56,-0.65,-6.14,-6.24,-6.21,-6.22,-6.21,-6.2,-6.3,-6.25,-6.21,-6.25,-6.24,-6.25,-6.25,-6.24,-6.33,-6.38,-6.42,-6.44,-6.41,-6.44,-6.48
Nauru,CAIT,Total including LUCF,CO2,MtCO₂e,0.07,0.07,0.06,0.05,0.05,0.05,0.04,0.04,0.04,0.04,0.04,0.04,0.05,0.07,0.07,0.07,0.08,0.08,0.09,0.09,0.1,0.1,0.1,0.11,0.11,0.11,0.12,0.13,0.13
Tuvalu,CAIT,Total including LUCF,CO2,MtCO₂e,0.01,0.01,0.01,0.01,0.01,0.01,0.01,0.01,0.01,0.01,0.01,0.01,0.01,0.01,0.01,0.01,0.01,0.01,0.01,0.01,0.01,0.01,0.01,0.01,0.01,0.01,0.01,0.0,0.0
Niue,CAIT,Total including LUCF,CO2,MtCO₂e,0.0,0.0,0.0,0.0,0.0,0.0,0.0,0.0,0.01,0.01,0.01,0.01,0.01,0.01,0.01,0.01,0.01,0.01,0.01,0.01,0.01,0.01,0.01,0.01,0.01,0.01,0.01,0.01,0.01
Fiji,CAIT,Total including LUCF,CO2,MtCO₂e,-0.65,-0.73,-0.81,-1.03,-1.24,-1.42,-1.52,-1.44,-1.39,-1.58,-1.59,-1.28,-1.18,-1.27,-1.08,-1.46,-1.62,-1.47,-1.69,-1.74,-1.76,-1.74,-1.72,-1.78,-1.79,-1.79,-1.78,-1.81,-1.81
Ghana,CAIT,Total including LUCF,CO2,MtCO₂e,-8.82,-10.15,-10.82,44.53,43.77,44.42,43.63,41.62,57.0,55.8,54.42,54.91,54.29,52.88,52.48,52.99,53.28,52.07,15.62,16.46,15.98,14.18,13.98,13.6,13.34,13.07,12.96,12.44,12.67
