World,China,United States,India,Indonesia,Japan,Russia,Brazil,Germany,Iran,Canada,Democratic Republic of the Congo,South Korea,Saudi Arabia,Mexico,South Africa,Australia,Turkey,United Kingdom,Malaysia,Italy,Poland,Thailand,France,Egypt,Vietnam,Spain,Kazakhstan,Pakistan,Argentina,United Arab Emirates,Iraq,Venezuela,Nigeria,Ukraine,Colombia,Netherlands,Algeria,Philippines,Peru,Myanmar,Uzbekistan,Bangladesh,Zimbabwe,Czech Republic,Belgium,Qatar,Bolivia,Kuwait,Tanzania,Oman,Turkmenistan,Greece,Ecuador,Morocco,Angola,Israel,Mozambique,Libya,Austria,Paraguay,Romania,Finland,Portugal,Botswana,Papua New Guinea,Hungary,Ethiopia,Singapore,Solomon Islands,Serbia,Cameroon,Sudan,Zambia,Cambodia,Belarus,CÃ´te d'Ivoire,Switzerland,Ireland,Denmark,Slovakia,Bahrain,Azerbaijan,Chile,Burkina Faso,Syria,Lebanon,Laos,Tunisia,Nicaragua,Jordan,Mongolia,Chad,Dominican Republic,Sri Lanka,Uganda,Cuba,New Zealand,Guatemala,North Korea,Bosnia and Herzegovina,Sweden,Benin,Norway,Somalia,Estonia,Trinidad and Tobago,Guyana,Guinea,Honduras,Nepal,Namibia,Liberia,Panama,Slovenia,Central African Republic,Senegal,Republic of Congo,Madagascar,Croatia,Suriname,Gabon,Lithuania,Kenya,Equatorial Guinea,South Sudan,Malawi,Georgia,Yemen,Luxembourg,Moldova,Jamaica,El Salvador,Kyrgyzstan,Afghanistan,Brunei,Macedonia,Bulgaria,Tajikistan,Cyprus,Belize,Mali,Armenia,Albania,Latvia,Uruguay,Sierra Leone,Mauritius,Burundi,Haiti,Niger,Togo,Mauritania,Rwanda,Lesotho,Montenegro,Bahamas,Iceland,Maldives,Guinea-Bissau,Malta,Barbados,Eritrea,Gambia,Timor-Leste,Eswatini,Costa Rica,Seychelles,Cape Verde,Antigua and Barbuda,Djibouti,Andorra,Samoa,Sao Tome and Principe,Comoros,Grenada,Palau,Saint Vincent and the Grenadines,Saint Kitts and Nevis,Saint Lucia,Marshall Islands,Tonga,Vanuatu,Dominica,Micronesia,Liechtenstein,Cook Islands,Kiribati,Bhutan,Nauru,Tuvalu,Niue,Fiji,Ghana
22849.92,1823.96,4426.4,341.32,832.39,1016.89,1790.34,1236.73,904.38,158.83,483.99,370.89,206.81,166.39,290.01,253.94,313.95,122.28,545.73,170.4,370.74,337.06,100.74,331.69,86.41,-53.88,172.32,236.74,69.1,144.16,55.4,64.71,248.17,113.84,640.09,141.35,149.83,68.47,43.25,80.38,146.17,116.97,34.13,26.94,140.76,105.4,12.54,81.99,29.23,54.02,11.89,44.65,74.69,52.17,16.83,16.6,33.78,49.47,36.09,44.8,44.1,173.34,23.44,42.53,44.02,31.35,69.04,28.6,29.67,4.07,58.99,55.76,26.5,20.02,5.43,66.9,63.0,41.87,28.53,52.43,45.38,10.74,55.94,13.05,12.85,28.89,5.63,11.02,12.83,21.47,9.93,17.14,8.01,0.59,8.47,16.62,24.59,-3.58,20.05,129.72,27.22,55.21,15.37,14.15,18.08,33.23,14.19,8.15,11.78,7.99,-0.83,,13.85,8.68,4.13,14.12,7.21,10.27,29.65,19.48,4.98,7.74,32.89,1.78,3.89,6.94,8.86,15.22,6.64,10.68,30.23,7.83,3.46,21.74,0.58,5.43,8.59,51.81,11.05,4.49,6.89,0.42,19.98,6.24,5.84,-9.39,3.69,1.14,5.58,1.09,6.27,3.64,1.24,3.43,1.39,-0.34,1.78,1.96,0.16,1.66,2.31,0.98,0.43,0.72,0.46,0.82,5.33,0.15,-0.41,0.21,0.33,0.41,0.22,0.06,0.12,0.11,0.0,0.03,0.11,0.03,0.0,0.08,0.07,0.12,0.0,0.22,0.02,0.02,-6.48,0.13,0.0,0.01,-1.81,12.67
23056.4,1952.78,4389.5,386.17,846.23,1029.99,1766.89,1243.65,881.44,197.26,477.81,369.45,231.61,186.61,308.41,248.61,315.07,126.88,559.38,177.54,369.55,338.47,109.85,355.84,88.98,-53.98,179.52,246.71,68.35,149.64,61.5,46.63,247.44,121.56,603.4,143.07,155.95,67.51,42.77,79.5,146.1,117.79,33.44,28.7,127.46,110.05,14.61,82.08,35.73,53.99,16.1,37.79,74.89,52.73,18.56,16.8,34.5,49.29,33.32,48.95,44.05,143.08,24.01,44.23,43.95,31.35,66.18,28.63,31.24,4.07,49.29,55.5,25.94,20.16,5.47,63.29,63.09,44.21,29.05,63.07,38.5,10.34,65.45,12.19,12.86,31.44,7.05,11.05,13.5,21.46,9.78,18.93,8.02,0.96,8.62,16.64,16.6,-3.27,20.16,123.71,24.7,56.1,15.33,12.21,18.06,29.58,13.08,8.12,11.8,8.0,-0.59,11.68,13.77,9.12,3.34,14.11,7.22,12.51,29.71,13.78,5.26,7.96,34.96,1.54,3.9,6.94,8.93,7.24,8.5,11.14,24.3,7.76,4.15,19.4,0.35,4.9,8.38,36.85,10.21,5.0,6.99,0.43,20.82,4.3,4.27,-8.87,3.7,1.23,5.62,1.07,6.24,3.59,1.26,3.38,1.45,-0.34,1.88,1.93,0.16,1.66,2.21,0.98,0.43,0.73,0.46,0.81,5.53,0.18,-0.41,0.22,0.34,0.41,0.22,0.06,0.12,0.12,0.0,0.04,0.11,0.04,0.0,0.09,0.07,0.12,-0.03,0.23,0.02,0.02,-6.44,0.13,0.0,0.01,-1.81,12.44
22988.29,2068.77,4461.62,409.09,855.3,1041.79,1630.98,1247.13,841.83,212.99,490.88,369.19,253.77,199.35,312.07,245.11,318.72,132.88,542.02,183.09,367.75,330.22,119.61,343.81,91.89,-52.98,189.79,254.83,74.97,151.67,59.64,67.26,249.79,132.4,526.12,145.7,154.74,66.73,46.14,80.43,146.26,112.28,34.43,28.87,124.7,108.42,14.68,83.13,22.99,53.99,14.9,28.1,77.25,53.78,20.37,16.64,36.83,49.45,30.3,44.19,44.51,126.69,21.15,48.24,44.52,31.36,59.63,27.81,32.13,4.08,45.99,55.38,25.67,20.13,5.52,54.78,63.07,44.25,29.13,57.35,36.66,12.27,43.05,14.12,12.87,30.73,7.03,11.1,14.26,21.77,11.92,17.03,8.03,2.35,9.88,16.65,11.27,-1.49,20.95,111.05,19.22,58.61,15.35,15.4,18.03,21.97,12.01,8.05,11.83,8.28,-0.54,11.78,13.8,9.63,3.42,14.11,7.46,12.45,29.72,14.1,5.27,8.22,20.67,1.6,3.9,6.94,8.93,1.81,9.13,10.83,20.02,8.51,4.44,12.78,-0.96,5.1,8.59,33.38,7.71,5.36,7.06,0.45,11.02,2.43,1.01,-8.47,3.8,1.3,5.59,0.97,6.2,3.41,1.29,3.38,1.5,-0.34,2.53,1.96,0.23,1.66,2.17,1.18,0.87,0.73,0.46,0.7,6.61,0.18,-0.4,0.29,0.34,0.41,0.22,0.05,0.13,0.16,0.2,0.07,0.15,0.13,0.08,0.08,0.06,0.14,0.08,0.23,0.02,0.02,-6.41,0.12,0.01,0.01,-1.78,12.96
23124.0,2294.12,4581.76,431.31,869.88,1033.99,1447.33,1253.64,836.08,210.86,487.56,369.14,284.2,206.21,323.14,252.71,322.72,138.69,529.56,185.4,362.41,330.86,134.23,324.68,91.43,-48.04,175.41,217.53,81.79,155.35,62.15,88.63,255.18,130.4,450.79,148.27,159.74,74.05,49.87,81.29,146.79,112.94,35.18,27.48,121.54,106.19,15.49,84.14,29.24,54.05,14.08,26.63,77.17,52.71,21.08,17.17,40.48,49.65,30.84,44.33,44.85,118.34,22.34,47.26,44.47,31.39,60.01,28.24,37.32,4.09,40.3,59.52,24.33,19.8,5.55,43.24,63.25,41.99,29.26,59.63,34.89,13.07,51.94,14.94,12.88,30.09,10.34,11.11,15.6,21.74,12.2,16.02,8.04,2.25,9.72,16.65,9.26,-1.98,21.23,103.07,16.66,58.36,15.41,16.98,17.99,16.52,12.56,8.06,11.86,8.45,-0.36,11.98,13.82,9.79,4.16,14.12,7.39,12.43,29.75,14.64,5.28,8.31,16.42,1.51,4.82,6.94,9.02,-2.17,8.12,11.03,17.11,8.68,5.0,9.09,-1.03,5.38,8.89,33.91,5.19,5.62,7.02,0.46,5.17,2.26,-1.2,-8.75,3.81,1.45,5.6,0.77,6.27,3.3,1.31,3.38,1.54,-0.34,2.1,2.0,0.2,1.67,2.81,0.99,1.07,0.73,0.46,0.6,6.65,0.19,-0.4,0.25,0.34,0.41,0.23,0.05,0.13,0.15,0.2,0.08,0.14,0.13,0.09,0.09,0.06,0.13,0.08,0.24,0.02,0.03,-6.44,0.11,0.01,0.01,-1.79,13.07
23260.29,2414.5,4654.52,466.79,881.31,1087.22,1238.41,1261.19,824.87,240.77,503.69,369.0,310.79,218.79,348.29,258.29,329.03,136.99,524.43,191.2,357.76,326.6,148.39,319.62,86.03,-45.54,185.76,195.24,84.29,158.12,68.29,99.59,255.37,126.52,367.14,148.92,158.9,72.12,53.9,82.11,147.62,106.38,36.15,26.36,115.27,110.99,16.25,85.35,33.73,54.04,13.81,32.87,78.81,53.6,23.24,16.96,43.34,49.45,35.91,44.81,45.37,115.79,28.8,48.77,44.3,31.23,59.41,28.56,39.19,4.1,36.73,60.14,25.8,19.43,5.64,31.66,63.39,41.13,30.45,63.53,32.27,13.37,46.0,18.01,12.88,31.21,11.29,11.14,15.73,22.06,12.99,14.5,8.05,3.87,10.4,16.56,10.79,-1.61,21.56,95.11,6.42,60.35,15.4,18.63,17.98,16.08,13.1,8.38,11.9,8.8,0.18,12.2,13.82,10.03,4.2,14.12,7.49,12.21,29.97,13.98,5.28,8.05,15.5,1.51,4.83,6.94,9.04,-7.82,8.48,10.2,13.83,8.74,5.54,5.52,-1.08,5.66,8.59,31.76,3.06,5.86,7.01,0.47,2.87,2.33,-2.74,-8.97,3.83,1.49,5.6,0.26,6.25,3.57,1.34,3.36,1.58,-0.34,2.04,2.11,0.2,1.67,2.51,1.03,1.17,0.73,0.46,0.91,7.32,0.21,-0.4,0.25,0.33,0.41,0.23,0.06,0.13,0.16,0.2,0.09,0.15,0.14,0.09,0.09,0.06,0.13,0.08,0.22,0.02,0.03,-6.42,0.11,0.01,0.01,-1.79,13.34
23890.22,2735.48,4708.31,519.98,909.21,1097.1,1190.39,1279.97,822.15,251.99,514.62,368.95,341.87,222.4,328.84,270.47,339.4,151.32,513.33,197.88,381.89,326.79,166.83,327.43,91.46,-41.95,197.88,171.65,90.78,158.13,72.64,95.97,261.98,127.53,350.76,151.59,165.81,73.63,64.21,85.15,148.94,95.33,39.2,25.89,115.74,110.65,17.02,84.64,33.78,54.86,15.6,33.43,81.91,56.35,24.3,21.05,46.75,49.53,37.49,47.71,45.81,121.43,24.98,52.16,44.41,33.49,59.07,28.9,38.83,4.11,42.42,59.97,25.82,19.42,5.68,24.64,63.77,41.98,31.05,60.26,32.94,13.54,44.19,20.89,12.9,33.02,13.32,11.17,16.12,22.19,13.6,14.45,8.06,4.58,10.45,16.83,12.25,-1.5,22.48,89.78,6.63,60.1,15.45,18.05,17.95,14.48,13.24,8.89,11.93,9.42,0.29,12.33,13.82,10.35,5.07,14.13,7.65,12.33,30.18,14.55,5.36,8.21,14.42,2.02,4.83,7.01,9.05,-10.09,9.87,8.04,11.84,9.05,6.04,3.58,-1.14,6.03,8.57,32.94,2.54,5.73,7.02,0.47,3.64,2.14,-3.89,-8.54,3.6,1.53,5.72,0.97,6.23,3.64,1.4,3.37,1.61,-0.34,2.08,2.02,0.26,1.67,2.38,1.07,1.23,0.74,0.46,0.87,7.28,0.2,-0.39,0.27,0.33,0.43,0.23,0.06,0.14,0.17,0.2,0.1,0.15,0.17,0.09,0.1,0.07,0.15,0.09,0.23,0.02,0.03,-6.38,0.11,0.01,0.01,-1.78,13.6
24214.92,2715.5,4864.46,555.6,772.38,1110.51,1159.83,1301.37,851.78,259.83,528.32,368.97,366.44,234.09,348.39,280.26,349.99,168.5,533.7,206.21,377.63,342.0,185.34,343.1,96.36,-38.3,187.41,149.08,93.87,170.88,75.81,98.08,275.67,133.18,297.56,151.38,175.38,71.99,69.9,87.49,148.08,96.3,39.47,25.26,117.3,115.53,17.91,84.44,32.93,55.19,15.82,29.69,81.83,59.06,23.99,21.68,48.71,49.52,39.4,51.43,45.75,124.65,31.47,50.2,44.13,33.56,60.1,29.2,39.81,4.12,49.78,59.2,25.61,19.04,5.78,25.62,64.42,42.54,32.51,73.65,32.74,14.17,38.8,26.69,12.98,36.13,14.14,11.25,16.68,22.35,13.87,12.87,8.07,5.46,12.98,16.94,14.2,-0.39,22.31,80.36,7.44,65.52,16.05,18.99,17.93,15.46,13.38,9.22,12.0,9.46,0.35,12.48,13.84,10.4,5.89,14.13,7.81,12.14,30.12,14.49,5.44,8.32,14.89,2.62,5.34,7.01,9.05,-11.9,10.08,8.12,10.1,9.41,5.47,4.75,-1.21,6.07,10.11,33.3,2.27,6.09,6.92,0.49,2.71,2.16,-3.87,-7.78,3.64,1.59,5.74,1.13,6.31,4.02,1.46,3.37,1.64,-0.34,1.97,2.28,0.28,1.66,2.32,1.07,1.31,0.75,0.46,0.65,6.99,0.24,-0.37,0.28,0.34,0.45,0.24,0.06,0.14,0.19,0.2,0.1,0.15,0.18,0.09,0.08,0.09,0.13,0.09,0.23,0.02,0.03,-6.33,0.1,0.01,0.01,-1.72,13.98
25292.92,2779.27,5129.29,600.38,1484.56,1098.26,1052.5,1319.99,819.93,271.0,543.72,368.92,388.04,214.93,371.54,295.2,357.18,176.65,511.37,214.34,381.0,331.29,188.5,334.26,103.55,-32.4,205.91,125.99,97.36,171.64,81.45,115.65,280.97,129.54,279.68,156.12,167.94,73.41,77.73,87.7,147.66,97.66,41.6,24.23,115.35,112.72,19.45,84.59,34.04,55.02,17.24,29.94,82.84,60.11,25.43,22.0,50.94,49.64,38.94,50.75,46.14,114.12,29.53,52.39,44.28,33.89,58.62,29.38,39.45,4.13,54.36,59.45,26.55,19.56,5.87,26.24,65.37,41.28,33.68,64.06,32.84,14.41,37.89,33.19,13.08,36.48,16.14,11.29,17.26,22.56,14.37,12.71,8.09,7.24,12.97,17.0,16.58,1.93,22.67,73.88,11.75,59.26,16.23,20.75,17.9,15.09,13.85,9.47,12.05,9.6,0.59,12.53,13.86,10.63,6.32,14.13,8.1,12.64,30.24,16.2,5.47,8.44,14.57,2.29,5.46,7.02,9.1,-12.75,10.85,7.63,9.28,9.57,6.4,4.67,-1.29,6.58,9.04,31.61,2.55,6.18,7.01,0.53,3.47,1.67,-4.34,-7.68,3.57,1.6,5.76,1.34,6.32,3.43,1.45,3.39,1.67,-0.34,1.77,2.17,0.34,1.68,2.47,1.17,1.26,0.76,0.46,0.98,6.96,0.35,-0.37,0.3,0.35,0.47,0.24,0.06,0.14,0.2,0.2,0.11,0.16,0.18,0.09,0.09,0.09,0.16,0.1,0.24,0.02,0.03,-6.24,0.1,0.01,0.01,-1.74,14.18
24895.32,2882.75,5172.06,618.73,907.96,1055.5,1043.96,1329.24,812.12,272.42,552.1,369.04,323.23,230.41,395.43,302.8,378.07,176.91,514.07,233.95,391.85,305.04,167.52,356.3,108.86,-27.51,213.54,129.49,98.21,177.49,83.85,81.32,277.56,122.63,260.74,156.64,168.37,75.11,77.33,86.4,149.01,112.93,41.77,24.48,109.48,115.49,20.81,84.92,39.87,54.83,17.28,30.59,86.2,59.95,26.15,21.65,51.48,49.6,39.9,51.2,46.3,100.09,26.22,57.06,44.91,34.75,58.98,29.59,37.94,4.13,54.38,59.63,26.1,19.46,6.11,24.49,65.46,42.78,36.2,60.08,31.97,15.51,37.81,34.04,13.14,39.38,16.27,11.32,18.0,23.05,14.61,12.75,8.1,9.34,13.24,17.16,16.12,1.45,24.41,67.3,14.02,60.26,16.29,22.47,17.87,14.59,14.18,9.51,12.13,10.24,0.73,12.58,13.9,11.71,6.1,14.19,8.48,12.54,30.46,17.62,5.49,8.54,15.35,2.81,5.45,7.03,9.08,-13.28,11.73,6.95,8.35,10.12,6.75,5.01,-1.34,8.74,9.88,28.83,2.8,6.48,7.01,0.77,3.6,1.99,-4.72,-7.45,3.61,1.77,5.79,1.38,6.37,3.86,1.39,3.39,1.71,-0.34,2.27,2.17,0.31,1.66,2.37,1.27,1.05,0.77,0.46,1.01,7.48,0.44,-0.35,0.33,0.35,0.49,0.24,0.06,0.15,0.23,0.2,0.15,0.18,0.23,0.1,0.1,0.08,0.16,0.1,0.25,0.02,0.03,-6.25,0.1,0.01,0.01,-1.76,15.98
24957.3,2799.84,5191.66,683.0,849.42,1090.14,1081.87,1339.1,782.33,306.0,560.63,369.03,358.5,234.53,382.78,284.79,383.46,175.93,511.41,222.59,398.49,295.56,174.18,350.09,114.26,-27.25,235.67,117.43,106.8,178.51,86.0,64.47,272.6,120.65,257.09,148.44,163.09,78.12,74.84,88.59,150.15,114.15,42.46,26.22,102.5,111.59,22.95,84.28,43.71,54.67,20.43,35.77,86.47,57.29,27.7,22.94,52.96,49.59,38.06,49.58,46.3,86.2,25.64,63.66,45.13,36.0,59.53,29.6,38.42,4.14,37.87,59.42,26.66,19.1,6.08,22.42,67.32,43.06,37.81,57.29,31.22,15.45,37.2,36.41,13.19,38.61,17.05,11.35,18.92,23.08,14.63,12.81,8.12,10.52,14.12,17.19,17.0,2.82,24.33,72.93,13.77,59.21,16.41,24.3,17.85,13.7,14.29,9.68,12.2,10.31,1.81,12.54,13.81,11.0,5.54,14.2,8.85,12.28,30.58,17.65,5.58,8.47,12.86,3.13,5.65,7.06,9.13,-13.75,13.17,7.31,7.05,10.41,6.69,3.77,-1.57,5.5,9.14,22.53,2.58,6.74,6.95,0.8,3.24,3.16,-5.24,-6.45,3.5,2.18,5.84,1.45,6.35,4.37,1.51,3.41,1.72,-0.34,2.23,2.13,0.43,1.68,2.41,1.3,1.08,0.79,0.46,1.09,7.5,0.52,-0.32,0.33,0.35,0.51,0.25,0.06,0.15,0.22,0.2,0.14,0.18,0.23,0.1,0.11,0.09,0.17,0.1,0.25,0.03,0.03,-6.25,0.09,0.01,0.01,-1.74,16.46
25637.87,2994.73,5357.88,719.07,795.62,1107.18,1115.29,1351.16,778.97,320.34,580.65,368.63,413.25,244.34,406.79,291.05,389.23,199.67,519.16,233.1,401.78,282.27,174.79,348.31,112.45,-22.17,250.68,113.85,106.42,176.25,84.54,74.44,279.51,122.06,248.7,150.83,163.75,79.17,75.59,88.18,150.72,120.9,43.87,24.1,113.72,113.27,21.73,84.31,47.15,55.08,22.54,36.85,93.53,57.94,28.39,22.67,56.97,49.78,39.87,50.06,45.56,89.58,24.44,63.11,45.33,37.59,56.26,29.97,42.53,4.15,41.07,59.65,27.03,19.21,6.13,20.46,66.99,42.24,40.15,53.04,28.64,15.88,38.43,32.46,13.31,38.86,15.69,11.41,20.01,23.3,16.27,13.21,8.13,11.39,15.55,17.19,17.38,3.6,25.54,78.18,17.21,55.31,16.52,19.02,17.84,13.38,14.44,9.63,12.24,10.57,1.93,12.5,13.85,11.27,5.18,14.2,8.95,12.04,30.57,17.19,4.94,8.32,11.12,3.88,6.18,7.06,9.06,-13.5,13.89,8.03,6.4,10.5,6.71,3.65,-1.62,5.75,8.82,21.56,2.23,7.0,6.97,1.41,3.69,3.36,-5.77,-7.78,3.74,2.41,5.87,1.54,6.34,3.93,1.51,3.43,1.75,-0.34,2.14,2.24,0.46,1.63,2.13,1.24,1.07,0.77,0.46,1.0,7.41,0.58,-0.29,0.33,0.37,0.52,0.25,0.06,0.16,0.21,0.21,0.12,0.19,0.22,0.1,0.1,0.09,0.19,0.1,0.24,0.03,0.04,-6.24,0.09,0.01,0.01,-1.69,15.62
25726.42,3194.5,5347.79,958.86,631.16,1073.16,721.85,1420.6,829.38,306.74,808.34,368.5,410.4,248.6,316.03,326.95,374.35,154.82,533.53,224.83,401.86,222.2,138.28,310.56,124.84,73.93,275.62,110.36,106.88,219.67,96.26,84.25,224.46,131.14,276.38,138.97,168.59,72.36,74.05,91.18,131.84,111.13,48.44,24.84,115.78,115.34,23.49,64.78,50.8,55.24,25.28,37.92,95.53,51.91,32.4,48.53,57.94,50.34,41.43,61.75,59.92,91.42,45.79,61.97,45.17,37.87,58.7,35.42,42.22,1.94,10.58,47.65,27.92,19.25,5.73,27.14,32.84,42.83,42.79,53.84,30.18,16.39,36.91,11.78,17.47,40.62,16.9,13.17,20.34,27.56,16.25,13.06,17.2,17.03,13.35,17.19,16.94,8.9,23.53,76.08,14.11,40.95,12.55,11.91,17.86,13.87,15.57,10.32,12.67,11.21,-0.67,13.02,13.89,10.62,3.85,14.22,10.82,11.98,23.69,18.37,5.32,7.73,11.25,22.73,6.56,7.17,9.06,0.0,15.08,8.63,6.02,7.65,6.95,3.96,0.93,5.66,8.99,22.63,1.8,6.67,3.76,1.61,3.73,2.11,-6.54,-5.02,3.77,2.65,3.74,1.67,1.9,2.12,1.57,3.2,1.77,-4.13,2.13,2.14,0.48,1.64,2.49,1.31,1.15,0.84,0.46,0.95,4.97,0.64,0.18,0.35,0.38,0.52,0.26,0.06,0.17,0.23,0.22,0.21,0.21,0.29,0.11,0.1,0.09,0.14,0.12,0.24,0.04,0.03,-6.25,0.08,0.01,0.01,-1.47,52.07
26486.63,3476.08,5192.68,992.51,1001.39,1109.5,723.05,1418.33,815.01,324.45,826.9,368.58,401.82,266.91,322.01,337.79,382.28,165.15,519.27,240.01,408.76,215.84,149.6,304.82,127.57,86.61,293.62,119.94,109.37,212.28,98.12,79.36,232.75,132.1,279.72,136.86,168.66,78.01,75.33,92.36,131.21,113.78,50.03,23.43,111.58,107.84,27.6,65.12,53.37,55.66,26.94,39.75,95.52,52.08,33.75,49.24,61.07,50.5,43.6,63.2,60.08,90.9,48.21,66.19,45.34,38.4,58.0,35.65,41.32,1.95,14.12,47.55,29.35,19.38,5.78,27.13,32.96,41.23,41.92,53.96,29.68,17.22,36.32,12.6,17.48,41.32,16.84,13.28,20.43,27.7,16.87,13.69,17.21,18.93,13.89,17.39,15.71,8.76,24.19,72.9,14.9,42.49,12.83,11.6,17.92,13.46,16.15,10.3,12.72,11.49,-1.35,12.69,13.88,9.81,4.0,14.21,10.95,11.79,23.14,19.45,4.92,7.49,11.31,22.54,7.86,7.16,9.05,-0.56,15.14,9.33,6.18,7.82,7.02,4.96,1.22,5.66,8.43,20.08,1.78,6.85,3.76,1.4,3.24,2.63,-6.54,-5.44,3.88,2.7,3.74,1.89,1.93,2.29,1.66,3.19,1.8,-4.13,2.28,2.22,0.61,1.64,2.32,1.37,1.14,0.83,0.63,0.94,5.07,0.54,0.22,0.39,0.4,0.53,0.26,0.07,0.17,0.24,0.22,0.23,0.23,0.26,0.12,0.1,0.08,0.11,0.11,0.25,0.04,0.04,-6.21,0.08,0.01,0.01,-1.62,53.28
27308.37,4081.05,5258.12,1020.87,761.93,1118.29,753.44,1410.4,818.31,346.42,846.79,368.77,404.49,278.11,340.27,359.5,381.38,176.2,531.12,247.43,427.49,226.19,157.31,310.45,131.07,88.48,299.53,134.78,112.73,223.19,103.53,72.03,225.21,134.68,305.94,136.47,171.59,81.43,77.15,91.76,134.72,106.71,51.21,21.12,115.82,112.49,28.91,66.0,55.61,55.84,27.67,44.25,99.14,52.45,33.69,53.63,62.88,50.83,44.28,68.3,60.24,96.93,56.53,61.11,45.24,38.72,60.56,36.09,38.16,1.96,17.51,47.42,29.54,19.54,5.95,27.87,31.74,42.49,42.09,59.33,29.94,17.95,32.52,13.83,17.55,41.61,17.42,13.33,20.56,28.17,17.31,13.39,17.44,16.78,14.92,17.47,14.97,10.62,24.26,74.43,15.21,43.7,13.09,14.25,17.93,15.44,15.45,10.3,12.79,12.13,-1.12,12.83,13.92,9.93,3.89,14.2,10.85,11.9,23.57,20.78,5.04,7.56,11.32,21.64,8.99,7.16,9.06,-0.36,17.4,9.75,6.76,8.16,7.59,5.58,1.47,6.65,9.21,24.35,1.82,7.51,3.74,1.4,3.62,2.99,-6.29,-5.48,3.93,2.83,3.7,1.88,1.99,2.78,1.7,3.18,1.82,-4.13,2.25,2.2,0.53,1.68,2.61,1.38,1.15,0.83,0.63,0.87,5.34,0.55,0.24,0.41,0.41,0.53,0.27,0.08,0.19,0.25,0.22,0.23,0.23,0.3,0.11,0.12,0.09,0.13,0.13,0.26,0.04,0.05,-6.25,0.07,0.01,0.01,-1.46,52.99
28826.48,4789.59,5338.46,1092.16,1031.49,1113.6,765.36,1427.88,802.5,375.44,838.71,368.87,424.78,294.21,347.46,386.36,394.65,181.64,531.36,268.09,437.69,230.24,176.75,311.47,142.52,102.81,316.44,148.7,125.72,236.68,109.98,75.24,229.89,134.63,282.73,136.72,173.27,82.49,78.71,96.19,136.38,109.82,52.99,20.71,116.49,111.01,31.91,66.32,59.47,57.14,27.52,46.65,98.76,53.98,37.64,54.9,63.15,50.84,45.49,69.63,60.28,94.04,52.66,62.72,45.33,39.71,58.66,36.42,39.56,2.0,21.96,47.88,30.31,19.57,5.95,30.99,32.01,42.93,42.73,53.87,29.04,17.93,32.28,18.64,17.58,44.01,17.89,13.39,21.52,28.14,18.58,13.66,17.45,15.32,15.37,17.62,14.72,10.04,24.47,76.02,15.92,42.17,13.24,14.6,17.93,15.55,16.11,10.78,12.86,12.97,-1.33,12.94,14.0,10.01,4.18,14.2,11.76,11.81,23.67,20.27,5.37,7.62,11.98,22.55,11.08,7.16,9.09,-0.14,18.4,11.17,6.77,8.14,7.76,5.55,1.25,6.2,8.92,23.63,2.23,7.45,3.68,1.48,3.89,3.18,-6.24,-4.51,3.91,2.85,3.68,1.74,2.02,2.72,1.81,3.18,1.87,-4.13,2.16,2.29,0.74,1.69,2.6,1.36,1.14,0.85,0.66,0.86,5.48,0.75,0.27,0.4,0.4,0.56,0.28,0.08,0.21,0.23,0.23,0.25,0.24,0.3,0.13,0.13,0.07,0.14,0.13,0.26,0.05,0.05,-6.3,0.07,0.01,0.01,-1.08,52.48
29663.75,5486.88,5354.45,1142.71,829.93,1116.25,762.04,1431.63,783.85,406.93,851.37,369.19,419.96,308.97,365.66,384.03,398.89,192.05,529.64,279.59,439.12,229.77,182.59,314.34,160.42,110.49,331.38,160.96,128.74,241.14,116.28,88.17,244.71,144.43,270.97,138.41,169.08,86.58,80.49,96.24,134.24,103.2,55.17,21.45,113.05,107.6,41.28,66.97,67.23,57.72,27.87,48.19,100.86,55.72,39.96,53.82,60.98,50.64,49.13,70.07,60.0,93.11,40.47,66.07,45.63,39.43,58.23,36.18,36.85,2.03,15.92,47.95,31.86,19.75,6.21,31.68,32.4,43.49,44.65,50.25,30.12,20.7,34.84,19.63,17.6,54.92,17.29,13.43,21.84,27.94,19.87,15.17,17.47,16.73,16.48,18.07,15.6,11.43,25.24,79.28,16.57,38.88,13.49,13.52,17.93,15.77,19.8,10.57,12.92,12.38,-0.96,13.09,14.11,11.52,4.4,14.2,12.03,13.79,23.73,20.63,5.66,7.82,12.88,23.44,11.92,7.16,9.1,0.73,19.38,11.42,7.17,8.13,7.92,5.29,1.76,6.11,9.36,24.32,2.1,7.61,3.7,1.65,4.58,2.95,-6.14,-4.56,3.83,3.05,3.69,1.78,1.99,2.69,1.84,3.18,1.9,-2.12,2.02,2.26,0.71,1.7,2.62,1.41,1.06,0.86,0.67,0.88,5.81,0.7,0.38,0.41,0.43,0.58,0.29,0.09,0.2,0.25,0.26,0.25,0.22,0.26,0.14,0.13,0.07,0.15,0.13,0.26,0.06,0.07,-6.2,0.07,0.01,0.01,-1.27,52.88
30905.93,6099.67,5254.87,1219.23,1152.83,1092.63,821.2,1435.1,795.83,446.5,842.42,369.3,426.82,328.35,382.98,385.95,404.44,218.13,530.68,277.26,431.94,242.51,184.56,305.12,168.96,113.77,322.65,178.69,139.55,250.19,121.46,83.84,237.03,138.2,279.54,138.22,164.82,91.35,73.19,95.96,135.2,110.33,58.36,20.77,113.65,105.63,44.98,68.05,69.65,58.1,37.52,49.57,99.62,57.68,41.66,55.95,64.32,50.79,49.37,67.93,60.13,96.25,52.06,61.04,45.44,39.01,57.73,36.53,37.12,2.03,18.17,48.29,34.23,19.62,6.52,33.97,32.21,43.12,45.68,58.19,29.48,22.49,32.36,20.96,17.85,58.15,16.24,13.82,22.76,28.15,20.17,16.53,17.49,18.38,14.9,18.45,16.05,11.48,25.23,80.64,18.26,37.61,14.54,14.51,17.93,14.54,22.36,10.42,12.99,13.39,-1.53,13.1,14.13,11.89,4.78,14.22,11.94,13.94,23.67,20.79,5.5,7.23,13.07,24.41,13.0,7.16,9.11,1.18,19.41,11.22,6.97,9.63,8.32,5.31,2.06,8.48,9.37,25.41,2.32,7.67,3.75,1.89,4.61,2.94,-5.65,-3.64,3.97,3.39,3.73,1.79,1.98,2.51,1.85,3.18,1.92,-1.95,2.02,2.31,0.87,1.7,2.65,1.47,0.98,0.89,0.67,0.88,6.09,0.74,0.44,0.44,0.43,0.55,0.3,0.09,0.21,0.26,0.25,0.25,0.23,0.29,0.14,0.15,0.07,0.16,0.11,0.26,0.06,0.07,-6.21,0.05,0.01,0.01,-1.18,54.29
31608.28,6655.98,5338.52,1341.07,738.57,1128.57,822.52,1452.63,765.28,479.47,872.59,369.45,441.38,347.53,395.67,403.29,414.75,246.01,518.2,298.83,424.66,241.79,190.63,296.43,182.06,123.43,335.55,187.59,153.32,258.46,131.69,77.42,239.91,136.12,287.66,139.7,165.74,98.12,76.94,98.99,135.08,106.74,60.48,20.7,116.68,101.57,51.05,68.93,68.71,57.92,41.03,56.03,103.23,58.14,43.21,59.1,66.58,51.16,46.29,65.08,60.25,93.74,50.15,59.39,45.67,39.11,56.13,37.2,38.23,2.03,16.99,49.47,35.22,19.42,7.18,32.48,32.14,41.18,44.89,53.38,28.82,23.01,25.7,28.66,18.13,61.44,15.06,13.91,23.21,28.3,21.09,17.13,17.55,18.65,16.07,18.78,16.95,10.57,26.12,67.33,19.23,35.88,15.1,15.16,17.98,18.52,22.21,10.69,13.06,13.96,-1.46,13.18,14.08,11.88,4.77,14.23,12.57,14.09,23.76,22.06,5.38,7.24,13.26,24.48,11.38,7.16,9.16,2.11,20.63,10.62,7.13,9.59,8.71,6.46,2.49,8.1,9.81,29.07,2.9,7.97,3.78,2.07,5.33,3.1,-5.3,-4.12,3.88,3.48,3.73,2.11,2.05,2.44,2.11,3.21,1.96,-2.03,2.07,2.36,0.87,1.72,2.71,1.48,0.97,0.93,0.67,0.91,7.14,0.65,0.4,0.46,0.47,0.54,0.3,0.09,0.18,0.28,0.24,0.3,0.25,0.19,0.14,0.13,0.11,0.17,0.11,0.23,0.06,0.06,-6.22,0.04,0.01,0.01,-1.28,54.91
31856.76,6862.78,5161.51,1428.85,731.76,1061.73,844.09,1473.28,771.22,489.82,851.45,369.57,453.07,382.24,410.68,432.95,417.88,244.24,503.46,309.7,410.27,236.73,194.8,291.73,188.94,135.62,305.03,230.49,149.23,262.98,156.2,85.99,250.61,137.52,276.79,140.52,166.5,101.59,79.11,103.44,130.98,112.59,64.06,18.54,111.36,103.92,55.23,69.91,72.89,58.07,40.08,56.68,99.32,58.84,45.66,60.69,66.7,51.17,51.47,64.56,60.48,92.52,41.74,57.43,45.75,38.23,55.29,38.04,38.37,2.01,15.76,49.57,36.31,19.64,7.52,35.27,32.95,42.6,44.22,50.1,28.64,24.77,27.77,32.16,18.36,63.39,18.67,14.22,23.48,28.1,20.01,17.07,17.63,18.6,15.28,19.02,16.06,11.54,24.96,74.53,21.11,34.94,15.06,14.23,17.97,16.96,21.28,10.68,13.09,14.01,-1.16,13.52,13.98,11.7,5.86,14.23,12.77,14.42,23.82,20.91,5.42,7.32,13.11,25.03,12.81,7.16,9.29,1.32,22.01,10.53,7.14,7.19,7.99,7.5,4.51,8.48,9.58,26.47,2.68,8.13,3.74,2.09,5.81,3.05,-5.71,-2.22,3.9,3.55,3.73,2.1,2.1,2.51,2.19,3.2,2.01,-1.44,2.11,2.16,0.87,1.71,2.72,1.78,0.9,0.96,0.67,0.89,7.06,0.7,0.41,0.48,0.47,0.54,0.29,0.1,0.18,0.29,0.21,0.22,0.25,0.2,0.13,0.13,0.1,0.17,0.09,0.25,0.06,0.06,-6.21,0.04,0.01,0.01,-1.59,54.42
31769.89,7382.89,4757.65,1573.51,1036.71,1003.19,726.06,1451.95,716.32,507.16,822.04,369.61,465.27,399.63,395.03,410.42,424.33,244.87,454.16,303.97,362.34,225.64,187.79,277.4,195.32,149.73,268.35,202.7,152.2,252.27,157.18,107.46,251.06,120.23,227.7,143.48,161.66,110.37,79.91,106.56,132.1,102.75,67.24,18.69,104.22,96.65,57.17,70.77,75.01,57.89,42.73,50.21,93.65,61.0,46.02,62.75,65.71,51.44,53.81,58.26,60.68,77.83,39.31,56.89,45.43,38.26,50.11,38.16,38.78,2.02,11.48,50.18,36.79,19.9,8.3,32.15,32.52,41.31,38.89,47.87,25.44,24.73,23.33,29.28,18.38,58.48,21.92,14.71,23.79,28.03,20.66,17.75,17.64,17.69,14.76,19.24,16.85,8.49,25.57,57.06,20.93,31.76,15.41,14.63,17.97,13.63,20.33,10.7,13.2,13.5,-0.28,13.59,13.98,13.09,4.01,14.23,13.02,14.45,23.72,19.48,5.42,7.39,11.72,26.82,13.49,7.16,9.3,2.11,25.65,9.95,6.63,5.45,7.76,6.75,6.12,8.7,8.96,19.41,2.04,7.91,4.72,2.51,4.63,3.2,-6.45,-2.3,3.89,3.51,3.73,2.06,2.32,3.77,2.39,3.23,2.1,-2.38,6.02,2.08,0.91,1.72,2.5,4.62,0.93,1.01,0.7,0.94,6.74,0.51,0.45,1.39,0.46,0.52,0.3,0.1,0.19,0.81,0.2,0.99,0.7,0.93,0.14,0.14,0.13,0.49,0.1,0.23,0.05,0.06,-6.24,0.04,0.01,0.01,-1.58,55.8
33328.38,8138.34,4990.96,1670.29,773.92,1057.96,814.11,1498.84,754.58,506.63,836.28,369.76,514.14,439.23,402.21,431.5,416.72,254.16,470.83,316.2,370.56,242.12,202.37,281.45,196.33,167.68,254.12,222.05,147.68,262.97,162.82,120.18,258.53,136.73,244.87,145.22,172.28,110.74,85.95,110.45,134.15,110.95,73.09,20.75,106.98,103.46,62.27,71.94,78.22,58.88,46.47,57.19,86.49,63.22,49.14,64.14,70.51,51.64,57.23,63.79,61.35,74.81,47.7,51.53,44.71,38.24,50.15,37.72,42.36,2.03,11.07,50.41,37.68,20.09,8.5,36.42,32.83,42.85,38.5,48.16,27.05,25.98,22.33,33.63,18.54,59.02,20.89,15.05,26.13,28.15,20.2,18.42,17.7,18.7,15.53,19.68,20.01,8.3,25.16,53.32,21.19,37.15,15.8,19.05,17.98,17.58,22.76,10.84,13.58,13.56,0.48,13.69,14.17,13.58,4.28,14.24,13.39,14.02,23.91,18.63,5.71,7.95,12.64,27.75,13.35,7.17,9.22,1.81,23.99,10.54,7.29,5.05,7.62,6.34,8.79,8.11,8.73,21.29,2.07,7.55,3.81,2.78,4.46,3.46,-5.28,-3.69,3.94,3.75,3.86,2.53,2.6,3.57,2.47,3.24,2.16,-1.55,2.08,1.93,0.96,1.73,2.58,1.59,0.96,0.97,0.71,0.88,6.65,0.44,0.48,0.49,0.52,0.52,0.3,0.11,0.22,0.29,0.21,0.25,0.24,0.28,0.14,0.12,0.13,0.17,0.08,0.22,0.06,0.05,-6.14,0.04,0.01,0.01,-1.39,57.0
33226.01,8568.09,4753.12,1695.97,1285.69,1162.67,974.12,679.1,717.17,561.73,682.88,603.89,546.83,456.67,494.81,415.41,356.33,258.05,433.47,92.13,362.02,283.51,234.88,272.44,202.53,126.39,266.54,232.33,147.09,242.84,166.32,131.12,278.48,148.08,269.24,126.41,160.24,117.51,86.9,137.45,114.79,121.91,76.45,22.81,107.35,93.21,65.77,76.22,81.15,60.13,52.38,63.41,85.95,52.55,56.35,65.07,69.77,48.78,38.05,61.2,73.39,-201.17,0.44,49.06,45.33,45.47,48.25,39.29,44.72,-17.47,47.97,41.65,36.5,35.92,70.11,41.94,32.6,38.98,34.11,41.14,26.53,26.03,25.71,-4.88,8.07,55.25,21.1,11.71,29.6,15.76,20.76,18.9,26.72,19.7,16.07,19.99,15.83,13.64,19.45,40.24,20.02,22.31,15.69,21.2,17.99,11.9,23.3,18.58,13.75,14.68,8.21,13.88,14.29,14.39,13.1,14.26,12.04,13.99,12.3,17.54,10.2,12.09,5.78,21.33,13.54,6.95,9.32,6.52,20.69,10.69,7.9,7.83,7.86,6.88,12.02,7.36,9.64,37.56,2.14,7.23,6.11,3.12,4.86,4.2,5.24,0.71,4.11,3.64,-1.04,3.45,2.64,3.45,2.59,2.42,2.21,2.56,2.42,1.81,1.01,1.73,2.57,1.66,0.96,0.98,0.71,0.89,0.16,0.4,0.5,0.51,0.48,0.49,0.3,0.32,0.21,0.29,0.22,0.23,0.26,0.24,0.14,0.11,0.13,0.16,0.09,0.18,0.06,0.05,-0.65,0.04,0.01,0.0,-1.44,41.62
33620.34,8823.05,4531.16,1843.74,1303.87,1202.66,979.37,713.75,730.81,571.12,682.31,603.8,548.5,488.75,494.56,432.99,356.33,269.21,456.12,91.92,342.08,276.27,252.33,275.23,213.32,124.61,261.41,231.63,149.2,244.1,175.73,151.94,292.24,146.67,263.01,126.78,158.89,126.01,90.49,137.24,118.38,108.17,80.01,23.43,103.54,92.6,73.29,77.02,83.58,61.83,58.65,66.3,81.49,53.68,58.71,65.85,76.01,48.66,52.3,58.04,73.35,-203.39,-5.25,47.42,46.46,45.2,44.77,40.2,43.64,-17.47,42.61,40.77,36.73,36.89,70.35,43.38,34.5,40.26,34.85,36.25,24.76,26.57,27.91,-2.86,8.58,45.32,23.41,11.94,30.56,15.67,24.12,20.31,26.79,20.47,17.47,19.74,16.14,15.3,19.86,41.7,18.25,19.9,15.45,20.16,17.98,10.63,22.23,18.74,13.62,15.04,9.01,14.1,14.4,14.86,12.54,14.27,11.93,14.11,12.85,15.96,10.69,12.27,5.86,20.42,13.84,7.99,9.3,7.19,19.68,10.45,7.69,7.35,7.85,9.32,10.2,7.48,9.13,33.01,2.59,6.7,6.16,3.11,5.64,3.74,4.92,1.62,4.24,3.73,-1.01,3.15,3.12,3.17,2.79,2.5,2.28,2.36,3.64,1.78,1.14,1.74,2.71,2.21,1.01,0.99,0.76,0.93,0.18,0.45,0.47,0.72,0.51,0.49,0.31,0.33,0.21,0.42,0.21,0.4,0.35,0.38,0.14,0.11,0.12,0.25,0.1,0.19,0.07,0.06,-0.56,0.04,0.01,0.0,-1.52,43.63
34217.18,9226.51,4670.34,1901.98,1250.27,1211.27,936.52,744.85,748.42,592.48,691.53,605.02,547.18,499.38,483.71,443.16,349.83,258.5,442.1,109.59,311.79,271.24,262.72,275.53,211.34,132.72,234.94,246.48,150.55,249.58,184.1,162.63,296.03,156.71,254.33,134.29,158.49,129.29,100.23,138.39,121.56,110.01,82.55,23.68,99.08,94.25,74.6,78.34,85.25,62.76,60.99,67.78,73.89,56.47,58.28,68.42,66.95,49.04,54.99,58.68,73.47,-213.11,-4.46,45.75,46.89,45.44,42.1,41.97,43.87,-17.44,43.3,41.08,36.01,37.09,70.5,43.53,35.08,41.27,33.47,38.03,25.34,28.76,28.54,1.59,8.84,29.85,23.17,12.58,30.65,15.48,23.8,21.55,26.82,20.07,15.11,20.1,14.64,15.03,20.72,31.02,18.13,18.3,15.73,19.27,18.01,13.04,22.84,18.7,13.31,15.24,9.1,14.38,14.36,15.0,11.97,14.27,12.48,13.41,13.03,15.54,10.54,12.15,5.27,22.39,13.18,8.02,9.39,7.84,26.35,9.91,6.73,7.82,7.54,8.64,8.27,7.36,8.24,27.7,2.76,6.07,5.97,3.05,5.42,3.95,4.8,0.46,4.41,3.82,-1.0,3.38,3.02,2.69,2.59,2.56,2.29,2.3,3.11,1.95,1.13,1.75,2.37,1.48,1.03,0.97,0.92,1.42,0.51,0.41,0.44,0.47,0.56,0.48,0.31,0.34,0.24,0.32,0.22,0.22,0.23,0.17,0.14,0.12,0.11,0.17,0.11,0.19,0.07,0.06,-0.46,0.05,0.01,0.0,-1.42,44.42
34558.59,9184.77,4683.35,2072.03,1539.23,1170.11,919.33,768.77,708.25,610.67,697.02,606.16,535.54,536.81,472.17,454.27,340.43,280.97,403.89,135.37,292.83,258.63,259.38,243.42,217.56,146.44,233.1,195.37,159.12,245.48,183.84,168.92,296.87,162.19,223.34,136.32,151.26,138.18,106.84,141.68,124.63,102.29,85.7,23.47,96.12,87.8,80.4,79.95,83.57,62.68,64.47,69.49,70.95,58.25,59.72,70.23,64.67,50.05,59.7,54.92,73.8,-213.71,-8.47,45.12,48.46,45.98,41.96,43.91,44.41,-17.48,35.88,41.46,36.85,37.64,71.55,43.05,35.59,37.51,33.3,33.81,22.84,30.22,29.78,-4.97,8.89,26.4,24.86,13.09,32.71,15.74,25.59,21.3,26.83,20.14,18.22,20.57,14.17,15.07,21.66,34.62,15.77,16.89,16.22,19.34,18.0,11.67,22.03,18.77,13.38,15.36,10.15,14.56,14.66,15.68,10.55,14.28,13.04,13.55,13.15,14.84,10.89,11.95,4.78,23.32,11.92,8.07,9.24,8.47,26.71,9.41,7.27,7.64,7.67,8.97,7.56,7.37,7.78,30.12,4.07,6.43,5.96,3.12,5.4,4.37,4.6,-0.4,4.52,3.96,-1.02,3.71,3.21,2.53,2.91,2.59,2.31,2.25,2.62,1.97,1.36,1.76,2.35,1.29,1.06,1.04,0.99,0.83,0.54,0.46,0.44,0.48,0.46,0.46,0.32,0.33,0.22,0.25,0.22,0.29,0.23,0.21,0.15,0.11,0.16,0.17,0.11,0.16,0.07,0.06,-0.38,0.05,0.01,0.0,-1.24,43.77
34521.91,9120.27,4563.52,2085.38,1574.76,1131.74,870.02,741.96,713.08,602.23,693.99,604.26,556.05,561.14,486.44,431.17,346.53,291.92,389.41,124.54,303.19,261.94,263.34,249.42,226.86,186.54,248.42,196.78,169.04,251.66,194.04,162.27,282.4,154.14,176.6,137.53,159.47,145.35,116.1,142.68,128.25,98.41,93.58,23.72,97.35,92.84,83.31,80.19,88.03,63.65,68.3,72.08,69.41,57.76,61.71,70.76,66.09,51.22,53.84,56.08,74.5,-212.22,-11.81,49.04,48.54,46.54,44.72,44.46,45.45,-17.52,42.32,41.72,39.32,37.91,73.51,38.47,36.19,36.82,34.75,31.65,23.15,30.59,29.32,0.62,9.27,25.37,26.97,17.32,33.55,16.25,25.36,20.48,26.87,22.27,20.97,20.69,14.78,15.47,24.05,28.5,15.9,17.0,16.7,19.7,18.0,9.21,21.37,18.76,13.68,15.76,9.48,14.83,14.7,15.1,10.54,14.28,13.76,12.91,13.43,15.18,11.0,11.93,4.98,25.38,10.97,8.51,9.34,9.2,14.21,8.89,7.57,7.53,8.08,9.53,7.74,6.35,7.48,32.57,4.36,6.46,6.13,3.41,5.26,4.23,4.64,-0.31,4.28,3.97,-1.0,3.97,3.2,2.76,3.34,2.7,2.23,2.39,2.37,1.98,1.35,1.77,1.65,1.29,1.03,1.06,1.07,0.9,0.25,0.5,0.44,0.49,0.54,0.47,0.35,0.34,0.24,0.27,0.22,0.22,0.24,0.23,0.15,0.11,0.14,0.17,0.12,0.16,0.06,0.06,-0.35,0.05,0.01,0.0,-1.03,44.53
35160.6,9164.21,4656.84,2149.01,1068.1,1139.33,971.87,826.21,717.68,605.81,585.58,603.43,568.98,556.74,493.7,431.74,386.15,345.94,367.93,310.17,320.52,266.86,273.79,250.72,234.14,211.7,233.15,220.04,187.57,213.99,199.46,172.84,204.88,154.41,189.1,166.72,159.64,143.55,127.38,146.32,125.78,103.98,95.49,98.15,97.04,94.48,85.28,88.99,89.87,75.03,69.56,72.02,68.25,65.16,61.14,71.01,65.34,58.61,51.18,56.27,53.1,48.26,52.33,49.06,48.45,48.47,46.39,46.75,46.19,45.77,46.16,42.33,41.49,38.41,38.9,33.85,35.96,37.37,35.91,36.23,30.43,30.2,30.74,28.29,27.6,26.46,27.73,24.03,25.2,24.89,24.86,21.28,24.35,22.9,23.85,21.5,25.4,20.57,20.73,33.38,20.6,22.14,17.94,18.99,18.01,17.58,18.35,16.39,15.04,14.92,12.3,14.92,14.85,15.17,14.27,14.29,14.25,13.76,13.33,12.59,11.67,12.16,10.59,11.15,9.43,10.67,9.5,9.65,10.88,8.58,8.25,7.93,8.25,6.43,7.55,6.79,7.39,7.94,5.83,6.9,5.87,4.42,5.1,4.7,4.37,4.76,4.31,4.01,3.96,4.04,3.22,3.11,1.73,2.73,2.27,2.14,2.19,1.98,1.75,1.78,1.34,1.31,1.11,1.06,1.15,1.1,0.79,0.54,0.48,0.5,0.49,0.47,0.4,0.34,0.26,0.28,0.26,0.27,0.25,0.2,0.18,0.15,0.18,0.17,0.14,0.15,0.07,0.08,-0.09,0.06,0.01,0.0,-0.81,-10.82
35588.7,9367.67,4581.9,2267.16,1081.11,1119.86,998.24,834.14,702.73,620.83,597.4,603.66,579.56,540.7,486.25,441.69,389.39,387.25,355.42,298.1,316.37,279.92,273.7,254.37,238.87,209.66,249.55,222.57,204.7,209.83,208.25,174.79,191.71,158.91,162.66,159.03,157.27,145.3,139.05,143.78,133.48,108.02,100.46,97.4,97.6,92.93,87.68,89.64,89.71,75.47,69.92,71.96,68.19,63.91,63.99,66.44,66.12,58.85,56.81,58.71,54.0,51.22,49.7,53.63,49.2,48.52,48.45,47.23,47.46,45.76,46.81,42.1,41.34,39.82,40.38,34.8,37.02,36.38,34.74,34.19,32.51,30.38,30.05,29.17,28.17,29.1,29.2,27.18,26.11,24.91,26.1,22.56,24.36,21.83,25.22,21.66,22.6,22.31,19.78,25.67,20.91,21.76,18.07,17.95,18.01,18.21,18.32,16.39,15.19,14.53,13.98,14.89,14.7,14.65,14.49,14.29,13.9,13.66,13.61,13.14,11.49,11.15,10.6,11.27,9.46,10.44,9.65,9.63,10.06,8.72,8.26,7.37,7.46,6.08,7.53,7.03,7.86,10.24,6.25,7.05,5.88,5.05,5.36,5.37,4.33,4.31,4.31,4.15,4.06,4.0,3.31,2.88,2.72,2.72,2.44,2.25,2.15,2.09,1.82,1.78,1.51,1.19,1.17,1.07,1.07,0.91,0.88,0.59,0.53,0.5,0.47,0.47,0.41,0.35,0.31,0.29,0.27,0.27,0.24,0.22,0.18,0.18,0.17,0.15,0.14,0.16,0.08,0.08,0.01,0.07,0.01,0.0,-0.73,-10.15
36441.55,9663.36,4749.57,2400.25,1269.55,1074.08,1049.05,812.02,680.06,629.35,609.67,603.57,585.07,514.6,486.58,439.8,388.81,384.32,347.84,319.59,312.03,279.83,270.9,247.98,246.45,245.36,244.45,217.46,215.37,207.11,200.3,188.64,181.29,176.66,173.18,162.46,152.52,151.87,144.7,144.07,136.92,108.72,104.5,99.43,96.66,93.63,90.17,90.09,89.45,75.68,73.39,71.73,66.68,65.68,64.74,62.93,62.05,59.47,58.94,56.06,54.4,52.0,51.3,50.07,49.54,48.46,48.28,48.0,47.39,45.78,45.45,42.38,41.2,40.47,40.16,37.8,36.55,35.23,34.32,34.23,31.93,30.75,30.1,28.75,28.37,27.92,27.63,27.46,26.19,24.72,24.7,24.42,24.4,23.56,23.54,21.95,21.92,21.59,21.48,21.41,20.81,19.68,18.62,18.43,18.04,17.96,17.88,16.51,15.35,15.3,14.97,14.81,14.76,14.53,14.39,14.31,14.19,13.69,13.49,12.24,11.44,11.08,10.95,10.78,10.51,10.28,9.71,9.46,9.31,9.04,8.7,8.69,7.89,7.73,7.59,7.47,7.37,7.32,7.2,6.98,5.92,5.62,5.59,5.32,4.85,4.75,4.36,4.11,4.07,3.96,3.53,3.07,2.92,2.73,2.57,2.55,2.26,2.11,1.91,1.8,1.54,1.25,1.24,1.1,1.1,0.96,0.95,0.62,0.56,0.53,0.49,0.46,0.43,0.35,0.32,0.3,0.29,0.28,0.26,0.24,0.19,0.19,0.18,0.16,0.15,0.14,0.08,0.08,0.07,0.07,0.01,0.0,-0.65,-8.82
